

Microchip MPLAB XC8 Assembler V3.10 build 20250813170317 
                                                                                               Wed Jan 14 21:44:35 2026

Microchip MPLAB XC8 C Compiler v3.10 (Free license) build 20250813170317 Og1 
     1                           	processor	16F877A
     2                           	pagewidth 120
     3                           	opt	flic
     4                           	psect	idataCOMMON,global,class=CODE,space=0,delta=2,noexec
     5                           	psect	idataBANK0,global,class=CODE,space=0,delta=2,noexec
     6                           	psect	strings,global,class=STRING,space=0,delta=2,noexec
     7                           	psect	stringtext,global,reloc=256,class=STRCODE,space=0,delta=2,noexec
     8                           	psect	cinit,global,class=CODE,space=0,merge=1,delta=2
     9                           	psect	bssCOMMON,global,class=COMMON,space=1,delta=1,noexec
    10                           	psect	dataCOMMON,global,class=COMMON,space=1,delta=1,noexec
    11                           	psect	bssBANK0,global,class=BANK0,space=1,delta=1,noexec
    12                           	psect	dataBANK0,global,class=BANK0,space=1,delta=1,noexec
    13                           	psect	cstackCOMMON,global,class=COMMON,space=1,delta=1,noexec
    14                           	psect	cstackBANK0,global,class=BANK0,space=1,delta=1,noexec
    15                           	psect	maintext,global,class=CODE,space=0,split=1,delta=2
    16                           	psect	text1,local,class=CODE,space=0,merge=1,delta=2
    17                           	psect	text2,local,class=CODE,space=0,merge=1,delta=2,group=1
    18                           	psect	text3,local,class=CODE,space=0,merge=1,delta=2
    19                           	psect	text4,local,class=CODE,space=0,merge=1,delta=2,group=1
    20                           	psect	text5,local,class=CODE,space=0,merge=1,delta=2,group=1
    21                           	psect	text6,local,class=CODE,space=0,merge=1,delta=2,group=1
    22                           	psect	text7,local,class=CODE,space=0,merge=1,delta=2
    23                           	psect	text8,local,class=CODE,space=0,merge=1,delta=2
    24                           	psect	text9,local,class=CODE,space=0,merge=1,delta=2
    25                           	psect	text10,local,class=CODE,space=0,merge=1,delta=2
    26                           	psect	text11,local,class=CODE,space=0,merge=1,delta=2
    27                           	psect	text12,local,class=CODE,space=0,merge=1,delta=2
    28                           	psect	text13,local,class=CODE,space=0,merge=1,delta=2
    29                           	psect	text14,local,class=CODE,space=0,merge=1,delta=2
    30                           	psect	text15,local,class=CODE,space=0,merge=1,delta=2
    31                           	psect	text16,local,class=CODE,space=0,merge=1,delta=2,group=1
    32                           	psect	text17,local,class=CODE,space=0,merge=1,delta=2,group=1
    33                           	psect	text18,local,class=CODE,space=0,merge=1,delta=2
    34                           	psect	text19,local,class=CODE,space=0,merge=1,delta=2
    35                           	psect	text20,local,class=CODE,space=0,merge=1,delta=2
    36                           	psect	text21,local,class=CODE,space=0,merge=1,delta=2
    37                           	psect	text22,local,class=CODE,space=0,merge=1,delta=2
    38                           	psect	text23,local,class=CODE,space=0,merge=1,delta=2
    39                           	psect	text24,local,class=CODE,space=0,merge=1,delta=2
    40                           	psect	text25,local,class=CODE,space=0,merge=1,delta=2
    41                           	psect	intentry,global,class=CODE,space=0,delta=2
    42                           	psect	config,global,abs,ovrld,class=CONFIG,space=4,delta=2,noexec
    43                           	dabs	1,0x7E,2
    44     0000                     
    45                           ; Generated 12/10/2023 GMT
    46                           ; 
    47                           ; Copyright © 2023, Microchip Technology Inc. and its subsidiaries ("Microchip")
    48                           ; All rights reserved.
    49                           ; 
    50                           ; This software is developed by Microchip Technology Inc. and its subsidiaries ("Microch
      +                          ip").
    51                           ; 
    52                           ; Redistribution and use in source and binary forms, with or without modification, are
    53                           ; permitted provided that the following conditions are met:
    54                           ; 
    55                           ;     1. Redistributions of source code must retain the above copyright notice, this lis
      +                          t of
    56                           ;        conditions and the following disclaimer.
    57                           ; 
    58                           ;     2. Redistributions in binary form must reproduce the above copyright notice, this 
      +                          list
    59                           ;        of conditions and the following disclaimer in the documentation and/or other
    60                           ;        materials provided with the distribution. Publication is not required when
    61                           ;        this file is used in an embedded application.
    62                           ; 
    63                           ;     3. Microchip's name may not be used to endorse or promote products derived from th
      +                          is
    64                           ;        software without specific prior written permission.
    65                           ; 
    66                           ; THIS SOFTWARE IS PROVIDED BY MICROCHIP "AS IS" AND ANY EXPRESS OR IMPLIED WARRANTIES,
    67                           ; INCLUDING, BUT NOT LIMITED TO, THE IMPLIED WARRANTIES OF MERCHANTABILITY AND FITNESS F
      +                          OR
    68                           ; PURPOSE ARE DISCLAIMED.  IN NO EVENT SHALL MICROCHIP BE LIABLE FOR ANY DIRECT, INDIREC
      +                          T,
    69                           ; INCIDENTAL, SPECIAL, EXEMPLARY, OR CONSEQUENTIAL DAMAGES (INCLUDING BUT NOT LIMITED TO
    70                           ; PROCUREMENT OF SUBSTITUTE GOODS OR SERVICES; LOSS OF USE, DATA OR PROFITS; OR BUSINESS
    71                           ; INTERRUPTION) HOWSOEVER CAUSED AND ON ANY THEORY OF LIABILITY, WHETHER IN CONTRACT, ST
      +                          RICT
    72                           ; LIABILITY, OR TORT (INCLUDING NEGLIGENCE OR OTHERWISE) ARISING IN ANY WAY OUT OF THE U
      +                          SE OF
    73                           ; THIS SOFTWARE, EVEN IF ADVISED OF THE POSSIBILITY OF SUCH DAMAGE.
    74                           ; 
    75                           ; 
    76                           ; Code-generator required, PIC16F877A Definitions
    77                           ; 
    78                           ; SFR Addresses
    79     0004                     fsr             equ	4
    80     0004                     fsr0            equ	4
    81     0000                     indf            equ	0
    82     0000                     indf0           equ	0
    83     0002                     pc              equ	2
    84     0002                     pcl             equ	2
    85     000A                     pclath          equ	10
    86     0003                     status          equ	3
    87     0000                     INDF            equ	0	;# 
    88     0001                     TMR0            equ	1	;# 
    89     0002                     PCL             equ	2	;# 
    90     0003                     STATUS          equ	3	;# 
    91     0004                     FSR             equ	4	;# 
    92     0005                     PORTA           equ	5	;# 
    93     0006                     PORTB           equ	6	;# 
    94     0007                     PORTC           equ	7	;# 
    95     0008                     PORTD           equ	8	;# 
    96     0009                     PORTE           equ	9	;# 
    97     000A                     PCLATH          equ	10	;# 
    98     000B                     INTCON          equ	11	;# 
    99     000C                     PIR1            equ	12	;# 
   100     000D                     PIR2            equ	13	;# 
   101     000E                     TMR1            equ	14	;# 
   102     000E                     TMR1L           equ	14	;# 
   103     000F                     TMR1H           equ	15	;# 
   104     0010                     T1CON           equ	16	;# 
   105     0011                     TMR2            equ	17	;# 
   106     0012                     T2CON           equ	18	;# 
   107     0013                     SSPBUF          equ	19	;# 
   108     0014                     SSPCON          equ	20	;# 
   109     0015                     CCPR1           equ	21	;# 
   110     0015                     CCPR1L          equ	21	;# 
   111     0016                     CCPR1H          equ	22	;# 
   112     0017                     CCP1CON         equ	23	;# 
   113     0018                     RCSTA           equ	24	;# 
   114     0019                     TXREG           equ	25	;# 
   115     001A                     RCREG           equ	26	;# 
   116     001B                     CCPR2           equ	27	;# 
   117     001B                     CCPR2L          equ	27	;# 
   118     001C                     CCPR2H          equ	28	;# 
   119     001D                     CCP2CON         equ	29	;# 
   120     001E                     ADRESH          equ	30	;# 
   121     001F                     ADCON0          equ	31	;# 
   122     0081                     OPTION_REG      equ	129	;# 
   123     0085                     TRISA           equ	133	;# 
   124     0086                     TRISB           equ	134	;# 
   125     0087                     TRISC           equ	135	;# 
   126     0088                     TRISD           equ	136	;# 
   127     0089                     TRISE           equ	137	;# 
   128     008C                     PIE1            equ	140	;# 
   129     008D                     PIE2            equ	141	;# 
   130     008E                     PCON            equ	142	;# 
   131     0091                     SSPCON2         equ	145	;# 
   132     0092                     PR2             equ	146	;# 
   133     0093                     SSPADD          equ	147	;# 
   134     0094                     SSPSTAT         equ	148	;# 
   135     0098                     TXSTA           equ	152	;# 
   136     0099                     SPBRG           equ	153	;# 
   137     009C                     CMCON           equ	156	;# 
   138     009D                     CVRCON          equ	157	;# 
   139     009E                     ADRESL          equ	158	;# 
   140     009F                     ADCON1          equ	159	;# 
   141     010C                     EEDATA          equ	268	;# 
   142     010D                     EEADR           equ	269	;# 
   143     010E                     EEDATH          equ	270	;# 
   144     010F                     EEADRH          equ	271	;# 
   145     018C                     EECON1          equ	396	;# 
   146     018D                     EECON2          equ	397	;# 
   147     0000                     INDF            equ	0	;# 
   148     0001                     TMR0            equ	1	;# 
   149     0002                     PCL             equ	2	;# 
   150     0003                     STATUS          equ	3	;# 
   151     0004                     FSR             equ	4	;# 
   152     0005                     PORTA           equ	5	;# 
   153     0006                     PORTB           equ	6	;# 
   154     0007                     PORTC           equ	7	;# 
   155     0008                     PORTD           equ	8	;# 
   156     0009                     PORTE           equ	9	;# 
   157     000A                     PCLATH          equ	10	;# 
   158     000B                     INTCON          equ	11	;# 
   159     000C                     PIR1            equ	12	;# 
   160     000D                     PIR2            equ	13	;# 
   161     000E                     TMR1            equ	14	;# 
   162     000E                     TMR1L           equ	14	;# 
   163     000F                     TMR1H           equ	15	;# 
   164     0010                     T1CON           equ	16	;# 
   165     0011                     TMR2            equ	17	;# 
   166     0012                     T2CON           equ	18	;# 
   167     0013                     SSPBUF          equ	19	;# 
   168     0014                     SSPCON          equ	20	;# 
   169     0015                     CCPR1           equ	21	;# 
   170     0015                     CCPR1L          equ	21	;# 
   171     0016                     CCPR1H          equ	22	;# 
   172     0017                     CCP1CON         equ	23	;# 
   173     0018                     RCSTA           equ	24	;# 
   174     0019                     TXREG           equ	25	;# 
   175     001A                     RCREG           equ	26	;# 
   176     001B                     CCPR2           equ	27	;# 
   177     001B                     CCPR2L          equ	27	;# 
   178     001C                     CCPR2H          equ	28	;# 
   179     001D                     CCP2CON         equ	29	;# 
   180     001E                     ADRESH          equ	30	;# 
   181     001F                     ADCON0          equ	31	;# 
   182     0081                     OPTION_REG      equ	129	;# 
   183     0085                     TRISA           equ	133	;# 
   184     0086                     TRISB           equ	134	;# 
   185     0087                     TRISC           equ	135	;# 
   186     0088                     TRISD           equ	136	;# 
   187     0089                     TRISE           equ	137	;# 
   188     008C                     PIE1            equ	140	;# 
   189     008D                     PIE2            equ	141	;# 
   190     008E                     PCON            equ	142	;# 
   191     0091                     SSPCON2         equ	145	;# 
   192     0092                     PR2             equ	146	;# 
   193     0093                     SSPADD          equ	147	;# 
   194     0094                     SSPSTAT         equ	148	;# 
   195     0098                     TXSTA           equ	152	;# 
   196     0099                     SPBRG           equ	153	;# 
   197     009C                     CMCON           equ	156	;# 
   198     009D                     CVRCON          equ	157	;# 
   199     009E                     ADRESL          equ	158	;# 
   200     009F                     ADCON1          equ	159	;# 
   201     010C                     EEDATA          equ	268	;# 
   202     010D                     EEADR           equ	269	;# 
   203     010E                     EEDATH          equ	270	;# 
   204     010F                     EEADRH          equ	271	;# 
   205     018C                     EECON1          equ	396	;# 
   206     018D                     EECON2          equ	397	;# 
   207     0000                     INDF            equ	0	;# 
   208     0001                     TMR0            equ	1	;# 
   209     0002                     PCL             equ	2	;# 
   210     0003                     STATUS          equ	3	;# 
   211     0004                     FSR             equ	4	;# 
   212     0005                     PORTA           equ	5	;# 
   213     0006                     PORTB           equ	6	;# 
   214     0007                     PORTC           equ	7	;# 
   215     0008                     PORTD           equ	8	;# 
   216     0009                     PORTE           equ	9	;# 
   217     000A                     PCLATH          equ	10	;# 
   218     000B                     INTCON          equ	11	;# 
   219     000C                     PIR1            equ	12	;# 
   220     000D                     PIR2            equ	13	;# 
   221     000E                     TMR1            equ	14	;# 
   222     000E                     TMR1L           equ	14	;# 
   223     000F                     TMR1H           equ	15	;# 
   224     0010                     T1CON           equ	16	;# 
   225     0011                     TMR2            equ	17	;# 
   226     0012                     T2CON           equ	18	;# 
   227     0013                     SSPBUF          equ	19	;# 
   228     0014                     SSPCON          equ	20	;# 
   229     0015                     CCPR1           equ	21	;# 
   230     0015                     CCPR1L          equ	21	;# 
   231     0016                     CCPR1H          equ	22	;# 
   232     0017                     CCP1CON         equ	23	;# 
   233     0018                     RCSTA           equ	24	;# 
   234     0019                     TXREG           equ	25	;# 
   235     001A                     RCREG           equ	26	;# 
   236     001B                     CCPR2           equ	27	;# 
   237     001B                     CCPR2L          equ	27	;# 
   238     001C                     CCPR2H          equ	28	;# 
   239     001D                     CCP2CON         equ	29	;# 
   240     001E                     ADRESH          equ	30	;# 
   241     001F                     ADCON0          equ	31	;# 
   242     0081                     OPTION_REG      equ	129	;# 
   243     0085                     TRISA           equ	133	;# 
   244     0086                     TRISB           equ	134	;# 
   245     0087                     TRISC           equ	135	;# 
   246     0088                     TRISD           equ	136	;# 
   247     0089                     TRISE           equ	137	;# 
   248     008C                     PIE1            equ	140	;# 
   249     008D                     PIE2            equ	141	;# 
   250     008E                     PCON            equ	142	;# 
   251     0091                     SSPCON2         equ	145	;# 
   252     0092                     PR2             equ	146	;# 
   253     0093                     SSPADD          equ	147	;# 
   254     0094                     SSPSTAT         equ	148	;# 
   255     0098                     TXSTA           equ	152	;# 
   256     0099                     SPBRG           equ	153	;# 
   257     009C                     CMCON           equ	156	;# 
   258     009D                     CVRCON          equ	157	;# 
   259     009E                     ADRESL          equ	158	;# 
   260     009F                     ADCON1          equ	159	;# 
   261     010C                     EEDATA          equ	268	;# 
   262     010D                     EEADR           equ	269	;# 
   263     010E                     EEDATH          equ	270	;# 
   264     010F                     EEADRH          equ	271	;# 
   265     018C                     EECON1          equ	396	;# 
   266     018D                     EECON2          equ	397	;# 
   267     0000                     INDF            equ	0	;# 
   268     0001                     TMR0            equ	1	;# 
   269     0002                     PCL             equ	2	;# 
   270     0003                     STATUS          equ	3	;# 
   271     0004                     FSR             equ	4	;# 
   272     0005                     PORTA           equ	5	;# 
   273     0006                     PORTB           equ	6	;# 
   274     0007                     PORTC           equ	7	;# 
   275     0008                     PORTD           equ	8	;# 
   276     0009                     PORTE           equ	9	;# 
   277     000A                     PCLATH          equ	10	;# 
   278     000B                     INTCON          equ	11	;# 
   279     000C                     PIR1            equ	12	;# 
   280     000D                     PIR2            equ	13	;# 
   281     000E                     TMR1            equ	14	;# 
   282     000E                     TMR1L           equ	14	;# 
   283     000F                     TMR1H           equ	15	;# 
   284     0010                     T1CON           equ	16	;# 
   285     0011                     TMR2            equ	17	;# 
   286     0012                     T2CON           equ	18	;# 
   287     0013                     SSPBUF          equ	19	;# 
   288     0014                     SSPCON          equ	20	;# 
   289     0015                     CCPR1           equ	21	;# 
   290     0015                     CCPR1L          equ	21	;# 
   291     0016                     CCPR1H          equ	22	;# 
   292     0017                     CCP1CON         equ	23	;# 
   293     0018                     RCSTA           equ	24	;# 
   294     0019                     TXREG           equ	25	;# 
   295     001A                     RCREG           equ	26	;# 
   296     001B                     CCPR2           equ	27	;# 
   297     001B                     CCPR2L          equ	27	;# 
   298     001C                     CCPR2H          equ	28	;# 
   299     001D                     CCP2CON         equ	29	;# 
   300     001E                     ADRESH          equ	30	;# 
   301     001F                     ADCON0          equ	31	;# 
   302     0081                     OPTION_REG      equ	129	;# 
   303     0085                     TRISA           equ	133	;# 
   304     0086                     TRISB           equ	134	;# 
   305     0087                     TRISC           equ	135	;# 
   306     0088                     TRISD           equ	136	;# 
   307     0089                     TRISE           equ	137	;# 
   308     008C                     PIE1            equ	140	;# 
   309     008D                     PIE2            equ	141	;# 
   310     008E                     PCON            equ	142	;# 
   311     0091                     SSPCON2         equ	145	;# 
   312     0092                     PR2             equ	146	;# 
   313     0093                     SSPADD          equ	147	;# 
   314     0094                     SSPSTAT         equ	148	;# 
   315     0098                     TXSTA           equ	152	;# 
   316     0099                     SPBRG           equ	153	;# 
   317     009C                     CMCON           equ	156	;# 
   318     009D                     CVRCON          equ	157	;# 
   319     009E                     ADRESL          equ	158	;# 
   320     009F                     ADCON1          equ	159	;# 
   321     010C                     EEDATA          equ	268	;# 
   322     010D                     EEADR           equ	269	;# 
   323     010E                     EEDATH          equ	270	;# 
   324     010F                     EEADRH          equ	271	;# 
   325     018C                     EECON1          equ	396	;# 
   326     018D                     EECON2          equ	397	;# 
   327     0000                     INDF            equ	0	;# 
   328     0001                     TMR0            equ	1	;# 
   329     0002                     PCL             equ	2	;# 
   330     0003                     STATUS          equ	3	;# 
   331     0004                     FSR             equ	4	;# 
   332     0005                     PORTA           equ	5	;# 
   333     0006                     PORTB           equ	6	;# 
   334     0007                     PORTC           equ	7	;# 
   335     0008                     PORTD           equ	8	;# 
   336     0009                     PORTE           equ	9	;# 
   337     000A                     PCLATH          equ	10	;# 
   338     000B                     INTCON          equ	11	;# 
   339     000C                     PIR1            equ	12	;# 
   340     000D                     PIR2            equ	13	;# 
   341     000E                     TMR1            equ	14	;# 
   342     000E                     TMR1L           equ	14	;# 
   343     000F                     TMR1H           equ	15	;# 
   344     0010                     T1CON           equ	16	;# 
   345     0011                     TMR2            equ	17	;# 
   346     0012                     T2CON           equ	18	;# 
   347     0013                     SSPBUF          equ	19	;# 
   348     0014                     SSPCON          equ	20	;# 
   349     0015                     CCPR1           equ	21	;# 
   350     0015                     CCPR1L          equ	21	;# 
   351     0016                     CCPR1H          equ	22	;# 
   352     0017                     CCP1CON         equ	23	;# 
   353     0018                     RCSTA           equ	24	;# 
   354     0019                     TXREG           equ	25	;# 
   355     001A                     RCREG           equ	26	;# 
   356     001B                     CCPR2           equ	27	;# 
   357     001B                     CCPR2L          equ	27	;# 
   358     001C                     CCPR2H          equ	28	;# 
   359     001D                     CCP2CON         equ	29	;# 
   360     001E                     ADRESH          equ	30	;# 
   361     001F                     ADCON0          equ	31	;# 
   362     0081                     OPTION_REG      equ	129	;# 
   363     0085                     TRISA           equ	133	;# 
   364     0086                     TRISB           equ	134	;# 
   365     0087                     TRISC           equ	135	;# 
   366     0088                     TRISD           equ	136	;# 
   367     0089                     TRISE           equ	137	;# 
   368     008C                     PIE1            equ	140	;# 
   369     008D                     PIE2            equ	141	;# 
   370     008E                     PCON            equ	142	;# 
   371     0091                     SSPCON2         equ	145	;# 
   372     0092                     PR2             equ	146	;# 
   373     0093                     SSPADD          equ	147	;# 
   374     0094                     SSPSTAT         equ	148	;# 
   375     0098                     TXSTA           equ	152	;# 
   376     0099                     SPBRG           equ	153	;# 
   377     009C                     CMCON           equ	156	;# 
   378     009D                     CVRCON          equ	157	;# 
   379     009E                     ADRESL          equ	158	;# 
   380     009F                     ADCON1          equ	159	;# 
   381     010C                     EEDATA          equ	268	;# 
   382     010D                     EEADR           equ	269	;# 
   383     010E                     EEDATH          equ	270	;# 
   384     010F                     EEADRH          equ	271	;# 
   385     018C                     EECON1          equ	396	;# 
   386     018D                     EECON2          equ	397	;# 
   387     0000                     INDF            equ	0	;# 
   388     0001                     TMR0            equ	1	;# 
   389     0002                     PCL             equ	2	;# 
   390     0003                     STATUS          equ	3	;# 
   391     0004                     FSR             equ	4	;# 
   392     0005                     PORTA           equ	5	;# 
   393     0006                     PORTB           equ	6	;# 
   394     0007                     PORTC           equ	7	;# 
   395     0008                     PORTD           equ	8	;# 
   396     0009                     PORTE           equ	9	;# 
   397     000A                     PCLATH          equ	10	;# 
   398     000B                     INTCON          equ	11	;# 
   399     000C                     PIR1            equ	12	;# 
   400     000D                     PIR2            equ	13	;# 
   401     000E                     TMR1            equ	14	;# 
   402     000E                     TMR1L           equ	14	;# 
   403     000F                     TMR1H           equ	15	;# 
   404     0010                     T1CON           equ	16	;# 
   405     0011                     TMR2            equ	17	;# 
   406     0012                     T2CON           equ	18	;# 
   407     0013                     SSPBUF          equ	19	;# 
   408     0014                     SSPCON          equ	20	;# 
   409     0015                     CCPR1           equ	21	;# 
   410     0015                     CCPR1L          equ	21	;# 
   411     0016                     CCPR1H          equ	22	;# 
   412     0017                     CCP1CON         equ	23	;# 
   413     0018                     RCSTA           equ	24	;# 
   414     0019                     TXREG           equ	25	;# 
   415     001A                     RCREG           equ	26	;# 
   416     001B                     CCPR2           equ	27	;# 
   417     001B                     CCPR2L          equ	27	;# 
   418     001C                     CCPR2H          equ	28	;# 
   419     001D                     CCP2CON         equ	29	;# 
   420     001E                     ADRESH          equ	30	;# 
   421     001F                     ADCON0          equ	31	;# 
   422     0081                     OPTION_REG      equ	129	;# 
   423     0085                     TRISA           equ	133	;# 
   424     0086                     TRISB           equ	134	;# 
   425     0087                     TRISC           equ	135	;# 
   426     0088                     TRISD           equ	136	;# 
   427     0089                     TRISE           equ	137	;# 
   428     008C                     PIE1            equ	140	;# 
   429     008D                     PIE2            equ	141	;# 
   430     008E                     PCON            equ	142	;# 
   431     0091                     SSPCON2         equ	145	;# 
   432     0092                     PR2             equ	146	;# 
   433     0093                     SSPADD          equ	147	;# 
   434     0094                     SSPSTAT         equ	148	;# 
   435     0098                     TXSTA           equ	152	;# 
   436     0099                     SPBRG           equ	153	;# 
   437     009C                     CMCON           equ	156	;# 
   438     009D                     CVRCON          equ	157	;# 
   439     009E                     ADRESL          equ	158	;# 
   440     009F                     ADCON1          equ	159	;# 
   441     010C                     EEDATA          equ	268	;# 
   442     010D                     EEADR           equ	269	;# 
   443     010E                     EEDATH          equ	270	;# 
   444     010F                     EEADRH          equ	271	;# 
   445     018C                     EECON1          equ	396	;# 
   446     018D                     EECON2          equ	397	;# 
   447     0000                     INDF            equ	0	;# 
   448     0001                     TMR0            equ	1	;# 
   449     0002                     PCL             equ	2	;# 
   450     0003                     STATUS          equ	3	;# 
   451     0004                     FSR             equ	4	;# 
   452     0005                     PORTA           equ	5	;# 
   453     0006                     PORTB           equ	6	;# 
   454     0007                     PORTC           equ	7	;# 
   455     0008                     PORTD           equ	8	;# 
   456     0009                     PORTE           equ	9	;# 
   457     000A                     PCLATH          equ	10	;# 
   458     000B                     INTCON          equ	11	;# 
   459     000C                     PIR1            equ	12	;# 
   460     000D                     PIR2            equ	13	;# 
   461     000E                     TMR1            equ	14	;# 
   462     000E                     TMR1L           equ	14	;# 
   463     000F                     TMR1H           equ	15	;# 
   464     0010                     T1CON           equ	16	;# 
   465     0011                     TMR2            equ	17	;# 
   466     0012                     T2CON           equ	18	;# 
   467     0013                     SSPBUF          equ	19	;# 
   468     0014                     SSPCON          equ	20	;# 
   469     0015                     CCPR1           equ	21	;# 
   470     0015                     CCPR1L          equ	21	;# 
   471     0016                     CCPR1H          equ	22	;# 
   472     0017                     CCP1CON         equ	23	;# 
   473     0018                     RCSTA           equ	24	;# 
   474     0019                     TXREG           equ	25	;# 
   475     001A                     RCREG           equ	26	;# 
   476     001B                     CCPR2           equ	27	;# 
   477     001B                     CCPR2L          equ	27	;# 
   478     001C                     CCPR2H          equ	28	;# 
   479     001D                     CCP2CON         equ	29	;# 
   480     001E                     ADRESH          equ	30	;# 
   481     001F                     ADCON0          equ	31	;# 
   482     0081                     OPTION_REG      equ	129	;# 
   483     0085                     TRISA           equ	133	;# 
   484     0086                     TRISB           equ	134	;# 
   485     0087                     TRISC           equ	135	;# 
   486     0088                     TRISD           equ	136	;# 
   487     0089                     TRISE           equ	137	;# 
   488     008C                     PIE1            equ	140	;# 
   489     008D                     PIE2            equ	141	;# 
   490     008E                     PCON            equ	142	;# 
   491     0091                     SSPCON2         equ	145	;# 
   492     0092                     PR2             equ	146	;# 
   493     0093                     SSPADD          equ	147	;# 
   494     0094                     SSPSTAT         equ	148	;# 
   495     0098                     TXSTA           equ	152	;# 
   496     0099                     SPBRG           equ	153	;# 
   497     009C                     CMCON           equ	156	;# 
   498     009D                     CVRCON          equ	157	;# 
   499     009E                     ADRESL          equ	158	;# 
   500     009F                     ADCON1          equ	159	;# 
   501     010C                     EEDATA          equ	268	;# 
   502     010D                     EEADR           equ	269	;# 
   503     010E                     EEDATH          equ	270	;# 
   504     010F                     EEADRH          equ	271	;# 
   505     018C                     EECON1          equ	396	;# 
   506     018D                     EECON2          equ	397	;# 
   507                           
   508                           	psect	idataCOMMON
   509     04FE                     __pidataCOMMON:
   510                           
   511                           ;initializer for read_matrix_keypad@once
   512     04FE  3401               	retlw	1
   513                           
   514                           	psect	idataBANK0
   515     04FF                     __pidataBANK0:
   516                           
   517                           ;initializer for _screen_flag
   518     04FF  3410               	retlw	16
   519     0008                     _PORTD          set	8
   520     0061                     _TMR2IF         set	97
   521     0039                     _RC1            set	57
   522     0032                     _RB2            set	50
   523     0031                     _RB1            set	49
   524     0030                     _RB0            set	48
   525     0040                     _RD0            set	64
   526     0041                     _RD1            set	65
   527     0042                     _RD2            set	66
   528     0043                     _RD3            set	67
   529     003A                     _RC2            set	58
   530     0092                     _TMR2ON         set	146
   531     005F                     _GIE            set	95
   532     005E                     _PEIE           set	94
   533     0049                     _RE1            set	73
   534     004A                     _RE2            set	74
   535     0092                     _PR2            set	146
   536     0086                     _TRISB          set	134
   537     0088                     _TRISD          set	136
   538     0461                     _TMR2IE         set	1121
   539     040F                     _nRBPU          set	1039
   540     0439                     _TRISC1         set	1081
   541     043A                     _TRISC2         set	1082
   542     0449                     _TRISE1         set	1097
   543     044A                     _TRISE2         set	1098
   544                           
   545                           	psect	strings
   546     07EE                     __pstrings:
   547     07EE                     stringtab:
   548     07EE                     __stringtab:
   549                           
   550                           ;	String table - string pointers are 2 bytes each
   551     07EE  1BFF               	btfsc	btemp+1,7
   552     07EF  2FF8               	ljmp	stringcode
   553     07F0  1383               	bcf	3,7
   554     07F1  187F               	btfsc	btemp+1,0
   555     07F2  1783               	bsf	3,7
   556     07F3  0800               	movf	0,w
   557     07F4  0A84               	incf	4,f
   558     07F5  1903               	skipnz
   559     07F6  0AFF               	incf	btemp+1,f
   560     07F7  0008               	return
   561     07F8                     stringcode:
   562     07F8  087F               	movf	btemp+1,w
   563     07F9  397F               	andlw	127
   564     07FA  008A               	movwf	10
   565     07FB  0804               	movf	4,w
   566     07FC  0A84               	incf	4,f
   567     07FD  1903               	skipnz
   568     07FE  0AFF               	incf	btemp+1,f
   569     07FF  0082               	movwf	2
   570     0800                     __stringbase:
   571     0800                     __end_of__stringtab:
   572                           
   573                           	psect	stringtext
   574     0500                     __pstringtext:
   575     0500                     STR_26:
   576     0500  3445               	retlw	69	;'E'
   577     0501  346E               	retlw	110	;'n'
   578     0502  346A               	retlw	106	;'j'
   579     0503  346F               	retlw	111	;'o'
   580     0504  3479               	retlw	121	;'y'
   581     0505  3420               	retlw	32	;' '
   582     0506  3459               	retlw	89	;'Y'
   583     0507  346F               	retlw	111	;'o'
   584     0508  3475               	retlw	117	;'u'
   585     0509  3472               	retlw	114	;'r'
   586     050A  3420               	retlw	32	;' '
   587     050B  344D               	retlw	77	;'M'
   588     050C  3465               	retlw	101	;'e'
   589     050D  3461               	retlw	97	;'a'
   590     050E  346C               	retlw	108	;'l'
   591     050F  3421               	retlw	33	;'!'
   592     0510  3400               	retlw	0
   593     0511                     STR_13:
   594     0511  3453               	retlw	83	;'S'
   595     0512  3445               	retlw	69	;'E'
   596     0513  3454               	retlw	84	;'T'
   597     0514  3420               	retlw	32	;' '
   598     0515  3454               	retlw	84	;'T'
   599     0516  3449               	retlw	73	;'I'
   600     0517  344D               	retlw	77	;'M'
   601     0518  3445               	retlw	69	;'E'
   602     0519  3420               	retlw	32	;' '
   603     051A  3428               	retlw	40	;'('
   604     051B  344D               	retlw	77	;'M'
   605     051C  344D               	retlw	77	;'M'
   606     051D  343A               	retlw	58	;':'
   607     051E  3453               	retlw	83	;'S'
   608     051F  3453               	retlw	83	;'S'
   609     0520  3429               	retlw	41	;')'
   610     0521  3400               	retlw	0
   611     0522                     STR_15:
   612     0522  342A               	retlw	42	;'*'
   613     0523  343A               	retlw	58	;':'
   614     0524  3443               	retlw	67	;'C'
   615     0525  344C               	retlw	76	;'L'
   616     0526  3445               	retlw	69	;'E'
   617     0527  3441               	retlw	65	;'A'
   618     0528  3452               	retlw	82	;'R'
   619     0529  3420               	retlw	32	;' '
   620     052A  3423               	retlw	35	;'#'
   621     052B  343A               	retlw	58	;':'
   622     052C  3445               	retlw	69	;'E'
   623     052D  344E               	retlw	78	;'N'
   624     052E  3454               	retlw	84	;'T'
   625     052F  3445               	retlw	69	;'E'
   626     0530  3452               	retlw	82	;'R'
   627     0531  3400               	retlw	0
   628     0532                     STR_7:
   629     0532  3445               	retlw	69	;'E'
   630     0533  346D               	retlw	109	;'m'
   631     0534  3462               	retlw	98	;'b'
   632     0535  3465               	retlw	101	;'e'
   633     0536  3464               	retlw	100	;'d'
   634     0537  3464               	retlw	100	;'d'
   635     0538  3465               	retlw	101	;'e'
   636     0539  3464               	retlw	100	;'d'
   637     053A  3420               	retlw	32	;' '
   638     053B  3453               	retlw	83	;'S'
   639     053C  3479               	retlw	121	;'y'
   640     053D  3473               	retlw	115	;'s'
   641     053E  3474               	retlw	116	;'t'
   642     053F  3465               	retlw	101	;'e'
   643     0540  346D               	retlw	109	;'m'
   644     0541  3400               	retlw	0
   645     0542                     STR_22:
   646     0542  3434               	retlw	52	;'4'
   647     0543  342E               	retlw	46	;'.'
   648     0544  3453               	retlw	83	;'S'
   649     0545  3454               	retlw	84	;'T'
   650     0546  3441               	retlw	65	;'A'
   651     0547  3452               	retlw	82	;'R'
   652     0548  3454               	retlw	84	;'T'
   653     0549  342F               	retlw	47	;'/'
   654     054A  3452               	retlw	82	;'R'
   655     054B  3445               	retlw	69	;'E'
   656     054C  3453               	retlw	83	;'S'
   657     054D  3455               	retlw	85	;'U'
   658     054E  344D               	retlw	77	;'M'
   659     054F  3445               	retlw	69	;'E'
   660     0550  3400               	retlw	0
   661     0551                     STR_3:
   662     0551  344D               	retlw	77	;'M'
   663     0552  3469               	retlw	105	;'i'
   664     0553  3463               	retlw	99	;'c'
   665     0554  3472               	retlw	114	;'r'
   666     0555  346F               	retlw	111	;'o'
   667     0556  3477               	retlw	119	;'w'
   668     0557  3461               	retlw	97	;'a'
   669     0558  3476               	retlw	118	;'v'
   670     0559  3465               	retlw	101	;'e'
   671     055A  3420               	retlw	32	;' '
   672     055B  344F               	retlw	79	;'O'
   673     055C  3476               	retlw	118	;'v'
   674     055D  3465               	retlw	101	;'e'
   675     055E  346E               	retlw	110	;'n'
   676     055F  3400               	retlw	0
   677     0560                     STR_16:
   678     0560  3453               	retlw	83	;'S'
   679     0561  3445               	retlw	69	;'E'
   680     0562  3454               	retlw	84	;'T'
   681     0563  3420               	retlw	32	;' '
   682     0564  3454               	retlw	84	;'T'
   683     0565  3445               	retlw	69	;'E'
   684     0566  344D               	retlw	77	;'M'
   685     0567  3450               	retlw	80	;'P'
   686     0568  3420               	retlw	32	;' '
   687     0569  3428               	retlw	40	;'('
   688     056A  3427               	retlw	39	;'''
   689     056B  3443               	retlw	67	;'C'
   690     056C  3429               	retlw	41	;')'
   691     056D  3400               	retlw	0
   692     056E                     STR_19:
   693     056E  3450               	retlw	80	;'P'
   694     056F  3472               	retlw	114	;'r'
   695     0570  3465               	retlw	101	;'e'
   696     0571  342D               	retlw	45	;'-'
   697     0572  3448               	retlw	72	;'H'
   698     0573  3465               	retlw	101	;'e'
   699     0574  3461               	retlw	97	;'a'
   700     0575  3474               	retlw	116	;'t'
   701     0576  3469               	retlw	105	;'i'
   702     0577  346E               	retlw	110	;'n'
   703     0578  3467               	retlw	103	;'g'
   704     0579  343A               	retlw	58	;':'
   705     057A  3400               	retlw	0
   706     057B                     STR_11:
   707     057B  3433               	retlw	51	;'3'
   708     057C  342E               	retlw	46	;'.'
   709     057D  3443               	retlw	67	;'C'
   710     057E  346F               	retlw	111	;'o'
   711     057F  346E               	retlw	110	;'n'
   712     0580  3476               	retlw	118	;'v'
   713     0581  3465               	retlw	101	;'e'
   714     0582  3463               	retlw	99	;'c'
   715     0583  3474               	retlw	116	;'t'
   716     0584  3469               	retlw	105	;'i'
   717     0585  346F               	retlw	111	;'o'
   718     0586  346E               	retlw	110	;'n'
   719     0587  3400               	retlw	0
   720     0588                     STR_4:
   721     0588  3444               	retlw	68	;'D'
   722     0589  3465               	retlw	101	;'e'
   723     058A  3476               	retlw	118	;'v'
   724     058B  3465               	retlw	101	;'e'
   725     058C  346C               	retlw	108	;'l'
   726     058D  346F               	retlw	111	;'o'
   727     058E  3470               	retlw	112	;'p'
   728     058F  3465               	retlw	101	;'e'
   729     0590  3464               	retlw	100	;'d'
   730     0591  3420               	retlw	32	;' '
   731     0592  3442               	retlw	66	;'B'
   732     0593  3479               	retlw	121	;'y'
   733     0594  3400               	retlw	0
   734     0595                     STR_1:
   735     0595  3450               	retlw	80	;'P'
   736     0596  346F               	retlw	111	;'o'
   737     0597  3477               	retlw	119	;'w'
   738     0598  3465               	retlw	101	;'e'
   739     0599  3472               	retlw	114	;'r'
   740     059A  3420               	retlw	32	;' '
   741     059B  343D               	retlw	61	;'='
   742     059C  3420               	retlw	32	;' '
   743     059D  3439               	retlw	57	;'9'
   744     059E  3430               	retlw	48	;'0'
   745     059F  3430               	retlw	48	;'0'
   746     05A0  3457               	retlw	87	;'W'
   747     05A1  3400               	retlw	0
   748     05A2                     STR_2:
   749     05A2  3450               	retlw	80	;'P'
   750     05A3  346F               	retlw	111	;'o'
   751     05A4  3477               	retlw	119	;'w'
   752     05A5  3465               	retlw	101	;'e'
   753     05A6  3472               	retlw	114	;'r'
   754     05A7  3469               	retlw	105	;'i'
   755     05A8  346E               	retlw	110	;'n'
   756     05A9  3467               	retlw	103	;'g'
   757     05AA  3420               	retlw	32	;' '
   758     05AB  344F               	retlw	79	;'O'
   759     05AC  344E               	retlw	78	;'N'
   760     05AD  3400               	retlw	0
   761     05AE                     STR_20:
   762     05AE  3454               	retlw	84	;'T'
   763     05AF  3469               	retlw	105	;'i'
   764     05B0  346D               	retlw	109	;'m'
   765     05B1  3465               	retlw	101	;'e'
   766     05B2  3420               	retlw	32	;' '
   767     05B3  344C               	retlw	76	;'L'
   768     05B4  3465               	retlw	101	;'e'
   769     05B5  3466               	retlw	102	;'f'
   770     05B6  3474               	retlw	116	;'t'
   771     05B7  343A               	retlw	58	;':'
   772     05B8  3400               	retlw	0
   773     05B9                     STR_8:
   774     05B9  3449               	retlw	73	;'I'
   775     05BA  346E               	retlw	110	;'n'
   776     05BB  3474               	retlw	116	;'t'
   777     05BC  3465               	retlw	101	;'e'
   778     05BD  3472               	retlw	114	;'r'
   779     05BE  346E               	retlw	110	;'n'
   780     05BF  3473               	retlw	115	;'s'
   781     05C0  3468               	retlw	104	;'h'
   782     05C1  3469               	retlw	105	;'i'
   783     05C2  3470               	retlw	112	;'p'
   784     05C3  3400               	retlw	0
   785     05C4                     STR_5:
   786     05C4  344B               	retlw	75	;'K'
   787     05C5  3441               	retlw	65	;'A'
   788     05C6  3452               	retlw	82	;'R'
   789     05C7  3454               	retlw	84	;'T'
   790     05C8  3448               	retlw	72	;'H'
   791     05C9  3449               	retlw	73	;'I'
   792     05CA  344B               	retlw	75	;'K'
   793     05CB  3420               	retlw	32	;' '
   794     05CC  3453               	retlw	83	;'S'
   795     05CD  3400               	retlw	0
   796     05CE                     STR_23:
   797     05CE  3435               	retlw	53	;'5'
   798     05CF  342E               	retlw	46	;'.'
   799     05D0  3450               	retlw	80	;'P'
   800     05D1  3441               	retlw	65	;'A'
   801     05D2  3455               	retlw	85	;'U'
   802     05D3  3453               	retlw	83	;'S'
   803     05D4  3445               	retlw	69	;'E'
   804     05D5  3400               	retlw	0
   805     05D6                     STR_6:
   806     05D6  3445               	retlw	69	;'E'
   807     05D7  344D               	retlw	77	;'M'
   808     05D8  3445               	retlw	69	;'E'
   809     05D9  3452               	retlw	82	;'R'
   810     05DA  3454               	retlw	84	;'T'
   811     05DB  3458               	retlw	88	;'X'
   812     05DC  3445               	retlw	69	;'E'
   813     05DD  3400               	retlw	0
   814     05DE                     STR_25:
   815     05DE  3454               	retlw	84	;'T'
   816     05DF  3449               	retlw	73	;'I'
   817     05E0  344D               	retlw	77	;'M'
   818     05E1  3445               	retlw	69	;'E'
   819     05E2  3420               	retlw	32	;' '
   820     05E3  3455               	retlw	85	;'U'
   821     05E4  3450               	retlw	80	;'P'
   822     05E5  3400               	retlw	0
   823     05E6                     STR_10:
   824     05E6  3432               	retlw	50	;'2'
   825     05E7  342E               	retlw	46	;'.'
   826     05E8  3447               	retlw	71	;'G'
   827     05E9  3472               	retlw	114	;'r'
   828     05EA  3469               	retlw	105	;'i'
   829     05EB  346C               	retlw	108	;'l'
   830     05EC  346C               	retlw	108	;'l'
   831     05ED  3400               	retlw	0
   832     05EE                     STR_9:
   833     05EE  3431               	retlw	49	;'1'
   834     05EF  342E               	retlw	46	;'.'
   835     05F0  344D               	retlw	77	;'M'
   836     05F1  3469               	retlw	105	;'i'
   837     05F2  3463               	retlw	99	;'c'
   838     05F3  3472               	retlw	114	;'r'
   839     05F4  346F               	retlw	111	;'o'
   840     05F5  3400               	retlw	0
   841     05F6                     STR_12:
   842     05F6  3434               	retlw	52	;'4'
   843     05F7  342E               	retlw	46	;'.'
   844     05F8  3453               	retlw	83	;'S'
   845     05F9  3474               	retlw	116	;'t'
   846     05FA  3461               	retlw	97	;'a'
   847     05FB  3472               	retlw	114	;'r'
   848     05FC  3474               	retlw	116	;'t'
   849     05FD  3400               	retlw	0
   850     05FE                     STR_21:
   851     05FE  3454               	retlw	84	;'T'
   852     05FF  3449               	retlw	73	;'I'
   853     0600  344D               	retlw	77	;'M'
   854     0601  3445               	retlw	69	;'E'
   855     0602  3420               	retlw	32	;' '
   856     0603  343D               	retlw	61	;'='
   857     0604  3400               	retlw	0
   858     0605                     STR_24:
   859     0605  3436               	retlw	54	;'6'
   860     0606  342E               	retlw	46	;'.'
   861     0607  3453               	retlw	83	;'S'
   862     0608  3454               	retlw	84	;'T'
   863     0609  344F               	retlw	79	;'O'
   864     060A  3450               	retlw	80	;'P'
   865     060B  3400               	retlw	0
   866     060C                     STR_14:
   867     060C  3454               	retlw	84	;'T'
   868     060D  3449               	retlw	73	;'I'
   869     060E  344D               	retlw	77	;'M'
   870     060F  3445               	retlw	69	;'E'
   871     0610  343A               	retlw	58	;':'
   872     0611  3400               	retlw	0
   873     0612                     STR_17:
   874     0612  3454               	retlw	84	;'T'
   875     0613  3445               	retlw	69	;'E'
   876     0614  344D               	retlw	77	;'M'
   877     0615  3450               	retlw	80	;'P'
   878     0616  343A               	retlw	58	;':'
   879     0617  3400               	retlw	0
   880     0522                     STR_18          equ	STR_15
   881                           
   882                           	psect	cinit
   883     000F                     start_initialization:	
   884                           ; #config settings
   885                           
   886     000F                     __initialization:
   887                           
   888                           ; Initialize objects allocated to BANK0
   889     000F  120A  118A  24FF  120A  118A  	fcall	__pidataBANK0	;fetch initializer
   890     0014  00C3               	movwf	__pdataBANK0& (0+127)
   891                           
   892                           ; Initialize objects allocated to COMMON
   893     0015  120A  118A  24FE  120A  118A  	fcall	__pidataCOMMON	;fetch initializer
   894     001A  00FB               	movwf	__pdataCOMMON& (0+127)
   895                           
   896                           ; Clear objects allocated to BANK0
   897     001B  01B7               	clrf	__pbssBANK0& (0+127)
   898     001C  01B8               	clrf	(__pbssBANK0+1)& (0+127)
   899     001D  01B9               	clrf	(__pbssBANK0+2)& (0+127)
   900     001E  01BA               	clrf	(__pbssBANK0+3)& (0+127)
   901     001F  01BB               	clrf	(__pbssBANK0+4)& (0+127)
   902     0020  01BC               	clrf	(__pbssBANK0+5)& (0+127)
   903     0021  01BD               	clrf	(__pbssBANK0+6)& (0+127)
   904     0022  01BE               	clrf	(__pbssBANK0+7)& (0+127)
   905     0023  01BF               	clrf	(__pbssBANK0+8)& (0+127)
   906     0024  01C0               	clrf	(__pbssBANK0+9)& (0+127)
   907     0025  01C1               	clrf	(__pbssBANK0+10)& (0+127)
   908     0026  01C2               	clrf	(__pbssBANK0+11)& (0+127)
   909                           
   910                           ; Clear objects allocated to COMMON
   911     0027  01F9               	clrf	__pbssCOMMON& (0+127)
   912     0028  01FA               	clrf	(__pbssCOMMON+1)& (0+127)
   913     0029                     end_of_initialization:	
   914                           ;End of C runtime variable initialization code
   915                           
   916     0029                     __end_of__initialization:
   917     0029  0183               	clrf	3
   918     002A  120A  118A  2E18   	ljmp	_main	;jump to C main() function
   919                           
   920                           	psect	bssCOMMON
   921     0079                     __pbssCOMMON:
   922     0079                     isr@count:
   923     0079                     	ds	2
   924                           
   925                           	psect	dataCOMMON
   926     007B                     __pdataCOMMON:
   927     007B                     read_matrix_keypad@once:
   928     007B                     	ds	1
   929                           
   930                           	psect	bssBANK0
   931     0037                     __pbssBANK0:
   932     0037                     _temp:
   933     0037                     	ds	2
   934     0039                     set_temp@key_count:
   935     0039                     	ds	1
   936     003A                     set_temp@display_blank:
   937     003A                     	ds	1
   938     003B                     set_temp@delay:
   939     003B                     	ds	1
   940     003C                     set_time@key_count:
   941     003C                     	ds	1
   942     003D                     set_time@display_blank:
   943     003D                     	ds	1
   944     003E                     set_time@delay:
   945     003E                     	ds	1
   946     003F                     set_time@blink_pos:
   947     003F                     	ds	1
   948     0040                     _pre_heat:
   949     0040                     	ds	1
   950     0041                     _minn:
   951     0041                     	ds	1
   952     0042                     _sec:
   953     0042                     	ds	1
   954                           
   955                           	psect	dataBANK0
   956     0043                     __pdataBANK0:
   957     0043                     _screen_flag:
   958     0043                     	ds	1
   959                           
   960                           	psect	cstackCOMMON
   961     0070                     __pcstackCOMMON:
   962     0070                     ?_init_matrix_keypad:
   963     0070                     ?_init_timer2:	
   964                           ; 1 bytes @ 0x0
   965                           
   966     0070                     ?_read_matrix_keypad:	
   967                           ; 1 bytes @ 0x0
   968                           
   969     0070                     ?_display_power_screen:	
   970                           ; 1 bytes @ 0x0
   971                           
   972     0070                     ?_display_modes:	
   973                           ; 1 bytes @ 0x0
   974                           
   975     0070                     ?_display_time:	
   976                           ; 1 bytes @ 0x0
   977                           
   978     0070                     ?_heat_food:	
   979                           ; 1 bytes @ 0x0
   980                           
   981     0070                     ?_alarm:	
   982                           ; 1 bytes @ 0x0
   983                           
   984     0070                     ?_init_display_controller:	
   985                           ; 1 bytes @ 0x0
   986                           
   987     0070                     ?_init_clcd:	
   988                           ; 1 bytes @ 0x0
   989                           
   990     0070                     ?_clear_screen:	
   991                           ; 1 bytes @ 0x0
   992                           
   993     0070                     ?_init_config:	
   994                           ; 1 bytes @ 0x0
   995                           
   996     0070                     ?_main:	
   997                           ; 1 bytes @ 0x0
   998                           
   999     0070                     ?_scan_keypad:	
  1000                           ; 1 bytes @ 0x0
  1001                           
  1002     0070                     ?_isr:	
  1003                           ; 1 bytes @ 0x0
  1004                           
  1005     0070                     ??_isr:	
  1006                           ; 1 bytes @ 0x0
  1007                           
  1008                           
  1009                           ; 1 bytes @ 0x0
  1010     0070                     	ds	2
  1011     0072                     ?_clcd_write:
  1012     0072                     ?___bmul:	
  1013                           ; 1 bytes @ 0x2
  1014                           
  1015     0072                     ?___wmul:	
  1016                           ; 1 bytes @ 0x2
  1017                           
  1018     0072                     ?___awdiv:	
  1019                           ; 2 bytes @ 0x2
  1020                           
  1021     0072                     ?___lwdiv:	
  1022                           ; 2 bytes @ 0x2
  1023                           
  1024     0072                     clcd_write@mode:	
  1025                           ; 2 bytes @ 0x2
  1026                           
  1027     0072                     ___bmul@multiplicand:	
  1028                           ; 1 bytes @ 0x2
  1029                           
  1030     0072                     ___wmul@multiplier:	
  1031                           ; 1 bytes @ 0x2
  1032                           
  1033     0072                     ___awdiv@divisor:	
  1034                           ; 2 bytes @ 0x2
  1035                           
  1036     0072                     ___lwdiv@divisor:	
  1037                           ; 2 bytes @ 0x2
  1038                           
  1039     0072                     ??_init_matrix_keypad:	
  1040                           ; 2 bytes @ 0x2
  1041                           
  1042     0072                     ??_init_timer2:	
  1043                           ; 1 bytes @ 0x2
  1044                           
  1045     0072                     ??_heat_food:	
  1046                           ; 1 bytes @ 0x2
  1047                           
  1048     0072                     ??_alarm:	
  1049                           ; 1 bytes @ 0x2
  1050                           
  1051                           
  1052                           ; 1 bytes @ 0x2
  1053     0072                     	ds	1
  1054     0073                     ___bmul@product:
  1055     0073                     ??_clcd_write:	
  1056                           ; 1 bytes @ 0x3
  1057                           
  1058     0073                     ??___bmul:	
  1059                           ; 1 bytes @ 0x3
  1060                           
  1061                           
  1062                           ; 1 bytes @ 0x3
  1063     0073                     	ds	1
  1064     0074                     ___bmul@multiplier:
  1065     0074                     ___wmul@multiplicand:	
  1066                           ; 1 bytes @ 0x4
  1067                           
  1068     0074                     ___awdiv@dividend:	
  1069                           ; 2 bytes @ 0x4
  1070                           
  1071     0074                     ___lwdiv@dividend:	
  1072                           ; 2 bytes @ 0x4
  1073                           
  1074                           
  1075                           ; 2 bytes @ 0x4
  1076     0074                     	ds	1
  1077     0075                     clcd_write@byte:
  1078     0075                     scan_keypad@i:	
  1079                           ; 1 bytes @ 0x5
  1080                           
  1081     0075                     ??_scan_keypad:	
  1082                           ; 2 bytes @ 0x5
  1083                           
  1084                           
  1085                           ; 1 bytes @ 0x5
  1086     0075                     	ds	1
  1087     0076                     ?_clcd_print:
  1088     0076                     ___awmod@counter:	
  1089                           ; 1 bytes @ 0x6
  1090                           
  1091     0076                     clcd_print@str:	
  1092                           ; 1 bytes @ 0x6
  1093                           
  1094     0076                     ___wmul@product:	
  1095                           ; 2 bytes @ 0x6
  1096                           
  1097     0076                     ___lwdiv@quotient:	
  1098                           ; 2 bytes @ 0x6
  1099                           
  1100     0076                     ??_init_display_controller:	
  1101                           ; 2 bytes @ 0x6
  1102                           
  1103     0076                     ??_clear_screen:	
  1104                           ; 1 bytes @ 0x6
  1105                           
  1106     0076                     ??___wmul:	
  1107                           ; 1 bytes @ 0x6
  1108                           
  1109     0076                     ??___awdiv:	
  1110                           ; 1 bytes @ 0x6
  1111                           
  1112     0076                     ??___awmod:	
  1113                           ; 1 bytes @ 0x6
  1114                           
  1115     0076                     ??___lwdiv:	
  1116                           ; 1 bytes @ 0x6
  1117                           
  1118                           
  1119                           ; 1 bytes @ 0x6
  1120     0076                     	ds	1
  1121     0077                     read_matrix_keypad@mode:
  1122     0077                     ___awmod@sign:	
  1123                           ; 1 bytes @ 0x7
  1124                           
  1125     0077                     ??_read_matrix_keypad:	
  1126                           ; 1 bytes @ 0x7
  1127                           
  1128                           
  1129                           ; 1 bytes @ 0x7
  1130     0077                     	ds	1
  1131     0078                     clcd_print@addr:
  1132     0078                     read_matrix_keypad@key:	
  1133                           ; 1 bytes @ 0x8
  1134                           
  1135     0078                     ___lwdiv@counter:	
  1136                           ; 1 bytes @ 0x8
  1137                           
  1138     0078                     ??_init_clcd:	
  1139                           ; 1 bytes @ 0x8
  1140                           
  1141     0078                     ??_init_config:	
  1142                           ; 1 bytes @ 0x8
  1143                           
  1144                           
  1145                           ; 1 bytes @ 0x8
  1146     0078                     	ds	1
  1147     0079                     ??_display_modes:
  1148     0079                     ??_clcd_putch:	
  1149                           ; 1 bytes @ 0x9
  1150                           
  1151     0079                     ??_clcd_print:	
  1152                           ; 1 bytes @ 0x9
  1153                           
  1154     0079                     ??___lwmod:	
  1155                           ; 1 bytes @ 0x9
  1156                           
  1157                           
  1158                           	psect	cstackBANK0
  1159     0020                     __pcstackBANK0:	
  1160                           ; 1 bytes @ 0x9
  1161                           
  1162     0020                     ?___lwmod:
  1163     0020                     ___awdiv@counter:	
  1164                           ; 2 bytes @ 0x0
  1165                           
  1166     0020                     ___lwmod@divisor:	
  1167                           ; 1 bytes @ 0x0
  1168                           
  1169                           
  1170                           ; 2 bytes @ 0x0
  1171     0020                     	ds	1
  1172     0021                     ___awdiv@sign:
  1173                           
  1174                           ; 1 bytes @ 0x1
  1175     0021                     	ds	1
  1176     0022                     ___awdiv@quotient:
  1177     0022                     ___lwmod@dividend:	
  1178                           ; 2 bytes @ 0x2
  1179                           
  1180                           
  1181                           ; 2 bytes @ 0x2
  1182     0022                     	ds	2
  1183     0024                     ?___awmod:
  1184     0024                     ___lwmod@counter:	
  1185                           ; 2 bytes @ 0x4
  1186                           
  1187     0024                     ___awmod@divisor:	
  1188                           ; 1 bytes @ 0x4
  1189                           
  1190                           
  1191                           ; 2 bytes @ 0x4
  1192     0024                     	ds	2
  1193     0026                     ___awmod@dividend:
  1194                           
  1195                           ; 2 bytes @ 0x6
  1196     0026                     	ds	2
  1197     0028                     ?_clcd_putch:
  1198     0028                     clcd_putch@addr:	
  1199                           ; 1 bytes @ 0x8
  1200                           
  1201                           
  1202                           ; 1 bytes @ 0x8
  1203     0028                     	ds	1
  1204     0029                     clcd_putch@data:
  1205                           
  1206                           ; 1 bytes @ 0x9
  1207     0029                     	ds	1
  1208     002A                     ?_set_time:
  1209     002A                     ?_set_temp:	
  1210                           ; 1 bytes @ 0xA
  1211                           
  1212     002A                     set_time@reset_flag:	
  1213                           ; 1 bytes @ 0xA
  1214                           
  1215     002A                     set_temp@reset_flag:	
  1216                           ; 1 bytes @ 0xA
  1217                           
  1218     002A                     ??_display_power_screen:	
  1219                           ; 1 bytes @ 0xA
  1220                           
  1221     002A                     ??_display_time:	
  1222                           ; 1 bytes @ 0xA
  1223                           
  1224                           
  1225                           ; 1 bytes @ 0xA
  1226     002A                     	ds	1
  1227     002B                     ??_set_time:
  1228     002B                     ??_set_temp:	
  1229                           ; 1 bytes @ 0xB
  1230                           
  1231                           
  1232                           ; 1 bytes @ 0xB
  1233     002B                     	ds	2
  1234     002D                     display_power_screen@i:
  1235     002D                     set_time@key:	
  1236                           ; 1 bytes @ 0xD
  1237                           
  1238                           
  1239                           ; 1 bytes @ 0xD
  1240     002D                     	ds	1
  1241     002E                     display_power_screen@i_161:
  1242     002E                     set_temp@key:	
  1243                           ; 1 bytes @ 0xE
  1244                           
  1245                           
  1246                           ; 1 bytes @ 0xE
  1247     002E                     	ds	1
  1248     002F                     display_power_screen@i_162:
  1249                           
  1250                           ; 1 bytes @ 0xF
  1251     002F                     	ds	1
  1252     0030                     display_power_screen@i_165:
  1253                           
  1254                           ; 1 bytes @ 0x10
  1255     0030                     	ds	1
  1256     0031                     display_power_screen@i_166:
  1257                           
  1258                           ; 1 bytes @ 0x11
  1259     0031                     	ds	1
  1260     0032                     ??_main:
  1261                           
  1262                           ; 1 bytes @ 0x12
  1263     0032                     	ds	3
  1264     0035                     main@reset_flag:
  1265                           
  1266                           ; 1 bytes @ 0x15
  1267     0035                     	ds	1
  1268     0036                     main@key:
  1269                           
  1270                           ; 1 bytes @ 0x16
  1271     0036                     	ds	1
  1272                           
  1273                           	psect	maintext
  1274     0618                     __pmaintext:	
  1275 ;;
  1276 ;;Main: autosize = 0, tempsize = 3, incstack = 0, save=0
  1277 ;;
  1278 ;; *************** function _main *****************
  1279 ;; Defined at:
  1280 ;;		line 29 in file "main.c"
  1281 ;; Parameters:    Size  Location     Type
  1282 ;;		None
  1283 ;; Auto vars:     Size  Location     Type
  1284 ;;  key             1   22[BANK0 ] unsigned char 
  1285 ;;  reset_flag      1   21[BANK0 ] unsigned char 
  1286 ;; Return value:  Size  Location     Type
  1287 ;;                  1    wreg      void 
  1288 ;; Registers used:
  1289 ;;		wreg, fsr0l, fsr0h, status,2, status,0, pclath, btemp1, cstack
  1290 ;; Tracked objects:
  1291 ;;		On entry : B00/0
  1292 ;;		On exit  : 0/0
  1293 ;;		Unchanged: 0/0
  1294 ;; Data sizes:     COMMON   BANK0   BANK1   BANK3   BANK2
  1295 ;;      Params:         0       0       0       0       0
  1296 ;;      Locals:         0       2       0       0       0
  1297 ;;      Temps:          0       3       0       0       0
  1298 ;;      Totals:         0       5       0       0       0
  1299 ;;Total ram usage:        5 bytes
  1300 ;; Hardware stack levels required when called: 5
  1301 ;; This function calls:
  1302 ;;		_clcd_print
  1303 ;;		_clear_screen
  1304 ;;		_display_modes
  1305 ;;		_display_power_screen
  1306 ;;		_display_time
  1307 ;;		_heat_food
  1308 ;;		_init_config
  1309 ;;		_read_matrix_keypad
  1310 ;;		_set_temp
  1311 ;;		_set_time
  1312 ;; This function is called by:
  1313 ;;		Startup code after reset
  1314 ;; This function uses a non-reentrant model
  1315 ;;
  1316                           
  1317     0618                     _main:	
  1318                           ;psect for function _main
  1319                           
  1320     0618                     l2759:	
  1321                           ;incstack = 0
  1322                           ; Regs used in _main: [wreg-fsr0h+status,2+status,0+pclath+btemp1+cstack]
  1323                           
  1324                           
  1325                           ;main.c: 30:                 _delay((unsigned long)((1200)*(20000000/4000.0)));
  1326     0618  120A  158A  2464  120A  118A  	fcall	_init_config
  1327     061D                     l2761:
  1328                           
  1329                           ;main.c: 37:                 reset_flag=0x31;
  1330     061D  3001               	movlw	1
  1331     061E  120A  158A  249B  120A  118A  	fcall	_read_matrix_keypad
  1332     0623  1283               	bcf	3,5	;RP0=0, select bank0
  1333     0624  1303               	bcf	3,6	;RP1=0, select bank0
  1334     0625  00B6               	movwf	main@key
  1335     0626                     l2763:
  1336                           
  1337                           ;main.c: 38:                 clear_screen();
  1338     0626  3020               	movlw	32
  1339     0627  0643               	xorwf	_screen_flag,w
  1340     0628  1D03               	btfss	3,2
  1341     0629  2E2B               	goto	u2781
  1342     062A  2E2C               	goto	u2780
  1343     062B                     u2781:
  1344     062B  2E80               	goto	l2797
  1345     062C                     u2780:
  1346     062C                     l2765:
  1347                           
  1348                           ;main.c: 39:             };main.c: 40:             else if(key==3)
  1349     062C  0336               	decf	main@key,w
  1350     062D  1D03               	btfss	3,2
  1351     062E  2E30               	goto	u2791
  1352     062F  2E31               	goto	u2790
  1353     0630                     u2791:
  1354     0630  2E5C               	goto	l2779
  1355     0631                     u2790:
  1356     0631                     l2767:
  1357                           
  1358                           ;main.c: 41:             {;main.c: 42:                 screen_flag=0x50;
  1359     0631  3030               	movlw	48
  1360     0632  00C3               	movwf	_screen_flag
  1361     0633                     l2769:
  1362                           
  1363                           ;main.c: 43:                 reset_flag=0x31;
  1364     0633  120A  158A  242B  120A  118A  	fcall	_clear_screen
  1365     0638                     l2771:
  1366                           
  1367                           ;main.c: 44:                 clear_screen();
  1368     0638  3095               	movlw	low (STR_1| (0+32768))
  1369     0639  00F6               	movwf	clcd_print@str
  1370     063A  3085               	movlw	high (STR_1| (0+32768))
  1371     063B  00F7               	movwf	clcd_print@str+1
  1372     063C  30C2               	movlw	194
  1373     063D  00F8               	movwf	clcd_print@addr
  1374     063E  120A  118A  24CF  120A  118A  	fcall	_clcd_print
  1375     0643                     l2773:
  1376                           
  1377                           ;main.c: 45:             }
  1378     0643  301F               	movlw	31
  1379     0644  1283               	bcf	3,5	;RP0=0, select bank0
  1380     0645  1303               	bcf	3,6	;RP1=0, select bank0
  1381     0646  00B4               	movwf	??_main+2
  1382     0647  3071               	movlw	113
  1383     0648  00B3               	movwf	??_main+1
  1384     0649  301D               	movlw	29
  1385     064A  00B2               	movwf	??_main
  1386     064B                     u2907:
  1387     064B  0BB2               	decfsz	??_main,f
  1388     064C  2E4B               	goto	u2907
  1389     064D  0BB3               	decfsz	??_main+1,f
  1390     064E  2E4B               	goto	u2907
  1391     064F  0BB4               	decfsz	??_main+2,f
  1392     0650  2E4B               	goto	u2907
  1393     0651  2E52               	nop2
  1394     0652                     l2775:
  1395                           
  1396                           ;main.c: 46:             else if(key==4)
  1397     0652  120A  158A  242B  120A  118A  	fcall	_clear_screen
  1398     0657                     l2777:
  1399                           
  1400                           ;main.c: 47:             {
  1401     0657  3031               	movlw	49
  1402     0658  1283               	bcf	3,5	;RP0=0, select bank0
  1403     0659  1303               	bcf	3,6	;RP1=0, select bank0
  1404     065A  00B5               	movwf	main@reset_flag
  1405                           
  1406                           ;main.c: 49:                 clear_screen();
  1407     065B  2EFF               	goto	l2843
  1408     065C                     l2779:
  1409     065C  3002               	movlw	2
  1410     065D  0636               	xorwf	main@key,w
  1411     065E  1D03               	btfss	3,2
  1412     065F  2E61               	goto	u2801
  1413     0660  2E62               	goto	u2800
  1414     0661                     u2801:
  1415     0661  2E6C               	goto	l2785
  1416     0662                     u2800:
  1417     0662                     l2781:
  1418                           
  1419                           ;main.c: 51:         }
  1420     0662  3040               	movlw	64
  1421     0663  00C3               	movwf	_screen_flag
  1422                           
  1423                           ;main.c: 52:         else if(screen_flag==0x70)
  1424     0664  3031               	movlw	49
  1425     0665  00B5               	movwf	main@reset_flag
  1426     0666                     l2783:
  1427                           
  1428                           ;main.c: 53:         {
  1429     0666  120A  158A  242B  120A  118A  	fcall	_clear_screen
  1430                           
  1431                           ;main.c: 54:             if(key==4)
  1432     066B  2EFF               	goto	l2843
  1433     066C                     l2785:
  1434     066C  3003               	movlw	3
  1435     066D  0636               	xorwf	main@key,w
  1436     066E  1D03               	btfss	3,2
  1437     066F  2E71               	goto	u2811
  1438     0670  2E72               	goto	u2810
  1439     0671                     u2811:
  1440     0671  2E77               	goto	l2791
  1441     0672                     u2810:
  1442     0672                     l2787:
  1443                           
  1444                           ;main.c: 56:                 sec=sec+30;;main.c: 57:                 if(sec>59)
  1445     0672  3050               	movlw	80
  1446     0673  00C3               	movwf	_screen_flag
  1447                           
  1448                           ;main.c: 58:                 {
  1449     0674  3031               	movlw	49
  1450     0675  00B5               	movwf	main@reset_flag
  1451     0676  2E66               	goto	l2783
  1452     0677                     l2791:
  1453     0677  3004               	movlw	4
  1454     0678  0636               	xorwf	main@key,w
  1455     0679  1D03               	btfss	3,2
  1456     067A  2E7C               	goto	u2821
  1457     067B  2E7D               	goto	u2820
  1458     067C                     u2821:
  1459     067C  2EFF               	goto	l2843
  1460     067D                     u2820:
  1461     067D                     l2793:
  1462                           
  1463                           ;main.c: 62:             };main.c: 63:             if(key==5)
  1464     067D  3060               	movlw	96
  1465     067E  00C3               	movwf	_screen_flag
  1466     067F  2E66               	goto	l2783
  1467     0680                     l2797:
  1468     0680  3070               	movlw	112
  1469     0681  0643               	xorwf	_screen_flag,w
  1470     0682  1D03               	btfss	3,2
  1471     0683  2E85               	goto	u2831
  1472     0684  2E86               	goto	u2830
  1473     0685                     u2831:
  1474     0685  2EAC               	goto	l2813
  1475     0686                     u2830:
  1476     0686                     l2799:
  1477                           
  1478                           ;main.c: 68:             {;main.c: 69:                 screen_flag=0x90;
  1479     0686  3004               	movlw	4
  1480     0687  0636               	xorwf	main@key,w
  1481     0688  1D03               	btfss	3,2
  1482     0689  2E8B               	goto	u2841
  1483     068A  2E8C               	goto	u2840
  1484     068B                     u2841:
  1485     068B  2E9A               	goto	l98
  1486     068C                     u2840:
  1487     068C                     l2801:
  1488                           
  1489                           ;main.c: 70: ;main.c: 71:             }
  1490     068C  0842               	movf	_sec,w
  1491     068D  3E1E               	addlw	30
  1492     068E  00C2               	movwf	_sec
  1493     068F                     l2803:
  1494                           
  1495                           ;main.c: 72: 
  1496     068F  303C               	movlw	60
  1497     0690  0242               	subwf	_sec,w
  1498     0691  1C03               	skipc
  1499     0692  2E94               	goto	u2851
  1500     0693  2E95               	goto	u2850
  1501     0694                     u2851:
  1502     0694  2E9A               	goto	l98
  1503     0695                     u2850:
  1504     0695                     l2805:
  1505                           
  1506                           ;main.c: 73:         };main.c: 74:         else if(screen_flag== 0x80)
  1507     0695  3001               	movlw	1
  1508     0696  07C1               	addwf	_minn,f
  1509                           
  1510                           ;main.c: 75:         {
  1511     0697  0842               	movf	_sec,w
  1512     0698  3EC4               	addlw	196
  1513     0699  00C2               	movwf	_sec
  1514     069A                     l98:	
  1515                           ;main.c: 77:             {
  1516                           
  1517                           
  1518                           ;main.c: 78: 
  1519     069A  3005               	movlw	5
  1520     069B  0636               	xorwf	main@key,w
  1521     069C  1D03               	btfss	3,2
  1522     069D  2E9F               	goto	u2861
  1523     069E  2EA0               	goto	u2860
  1524     069F                     u2861:
  1525     069F  2EA3               	goto	l2809
  1526     06A0                     u2860:
  1527     06A0                     l2807:
  1528                           
  1529                           ;main.c: 79:                 TMR2ON=1;;main.c: 80:                 RC2=1;
  1530     06A0  3080               	movlw	128
  1531     06A1  00C3               	movwf	_screen_flag
  1532                           
  1533                           ;main.c: 81:                 screen_flag=0x70;
  1534     06A2  2EFF               	goto	l2843
  1535     06A3                     l2809:
  1536     06A3  3006               	movlw	6
  1537     06A4  0636               	xorwf	main@key,w
  1538     06A5  1D03               	btfss	3,2
  1539     06A6  2EA8               	goto	u2871
  1540     06A7  2EA9               	goto	u2870
  1541     06A8                     u2871:
  1542     06A8  2EFF               	goto	l2843
  1543     06A9                     u2870:
  1544     06A9                     l2811:
  1545                           
  1546                           ;main.c: 83: ;main.c: 84:         }
  1547     06A9  3090               	movlw	144
  1548     06AA  00C3               	movwf	_screen_flag
  1549     06AB  2EFF               	goto	l2843
  1550     06AC                     l2813:
  1551     06AC  3080               	movlw	128
  1552     06AD  0643               	xorwf	_screen_flag,w
  1553     06AE  1D03               	btfss	3,2
  1554     06AF  2EB1               	goto	u2881
  1555     06B0  2EB2               	goto	u2880
  1556     06B1                     u2881:
  1557     06B1  2EFF               	goto	l2843
  1558     06B2                     u2880:
  1559     06B2                     l2815:
  1560                           
  1561                           ;main.c: 90:                 clear_screen();;main.c: 91:                 screen_flag= 0x
      +                          20;
  1562     06B2  3004               	movlw	4
  1563     06B3  0636               	xorwf	main@key,w
  1564     06B4  1D03               	btfss	3,2
  1565     06B5  2EB7               	goto	u2891
  1566     06B6  2EB8               	goto	u2890
  1567     06B7                     u2891:
  1568     06B7  2EFF               	goto	l2843
  1569     06B8                     u2890:
  1570     06B8                     l2817:
  1571                           
  1572                           ;main.c: 92:                 break;;main.c: 94:             case 0x20:
  1573     06B8  1512               	bsf	18,2	;volatile
  1574                           
  1575                           ;main.c: 95:                 display_modes();
  1576     06B9  1507               	bsf	7,2	;volatile
  1577                           
  1578                           ;main.c: 96:                 break;
  1579     06BA  3070               	movlw	112
  1580     06BB  00C3               	movwf	_screen_flag
  1581     06BC  2EFF               	goto	l2843
  1582     06BD                     l2819:
  1583                           
  1584                           ;main.c: 104:             case 0x40:
  1585     06BD  120A  118A  232C  120A  118A  	fcall	_display_power_screen
  1586     06C2                     l2821:
  1587                           
  1588                           ;main.c: 105: 
  1589     06C2  120A  158A  242B  120A  118A  	fcall	_clear_screen
  1590     06C7                     l2823:
  1591                           
  1592                           ;main.c: 106:                 set_time(key,reset_flag);
  1593     06C7  3020               	movlw	32
  1594     06C8  1283               	bcf	3,5	;RP0=0, select bank0
  1595     06C9  1303               	bcf	3,6	;RP1=0, select bank0
  1596     06CA  00C3               	movwf	_screen_flag
  1597                           
  1598                           ;main.c: 107:                 break;
  1599     06CB  2F1E               	goto	l108
  1600     06CC                     l2825:
  1601                           
  1602                           ;main.c: 110:                 set_temp(key,reset_flag);
  1603     06CC  120A  158A  24E3  120A  118A  	fcall	_display_modes
  1604                           
  1605                           ;main.c: 111: 
  1606     06D1  2F1E               	goto	l108
  1607     06D2                     l2827:
  1608                           
  1609                           ;main.c: 114:             case 0x60:
  1610     06D2  0835               	movf	main@reset_flag,w
  1611     06D3  00AA               	movwf	set_time@reset_flag
  1612     06D4  0836               	movf	main@key,w
  1613     06D5  120A  118A  21DD  120A  118A  	fcall	_set_time
  1614                           
  1615                           ;main.c: 115:                 heat_food();
  1616     06DA  2F1E               	goto	l108
  1617     06DB                     l2829:
  1618                           
  1619                           ;main.c: 117:             case 0x80:
  1620     06DB  120A  158A  26F4  120A  118A  	fcall	_display_time
  1621                           
  1622                           ;main.c: 118:                 TMR2ON=0;
  1623     06E0  2F1E               	goto	l108
  1624     06E1                     l2831:
  1625                           
  1626                           ;main.c: 121:             case 0x90:
  1627     06E1  0835               	movf	main@reset_flag,w
  1628     06E2  00AA               	movwf	set_time@reset_flag
  1629     06E3  0836               	movf	main@key,w
  1630     06E4  120A  118A  21DD  120A  118A  	fcall	_set_time
  1631                           
  1632                           ;main.c: 122:                 TMR2ON=0;
  1633     06E9  2F1E               	goto	l108
  1634     06EA                     l2833:
  1635                           
  1636                           ;main.c: 125:                 screen_flag= 0x20;
  1637     06EA  0835               	movf	main@reset_flag,w
  1638     06EB  00AA               	movwf	set_temp@reset_flag
  1639     06EC  0836               	movf	main@key,w
  1640     06ED  120A  118A  202D  120A  118A  	fcall	_set_temp
  1641                           
  1642                           ;main.c: 128: 
  1643     06F2  2F1E               	goto	l108
  1644     06F3                     l2835:
  1645                           
  1646                           ;main.c: 130: 
  1647     06F3  120A  158A  2406  120A  118A  	fcall	_heat_food
  1648                           
  1649                           ;main.c: 131: 
  1650     06F8  2F1E               	goto	l108
  1651     06F9                     l115:	
  1652                           ;main.c: 132: 
  1653                           
  1654                           
  1655                           ;main.c: 133: 
  1656     06F9  1112               	bcf	18,2	;volatile
  1657                           
  1658                           ;main.c: 134:         }
  1659     06FA  1107               	bcf	7,2	;volatile
  1660                           
  1661                           ;main.c: 135:         reset_flag=0xFF;
  1662     06FB  2F1E               	goto	l108
  1663     06FC                     l116:	
  1664                           ;main.c: 136: 
  1665                           
  1666                           
  1667                           ;main.c: 137: 
  1668     06FC  1112               	bcf	18,2	;volatile
  1669                           
  1670                           ;main.c: 138:     }
  1671     06FD  1107               	bcf	7,2	;volatile
  1672     06FE  2EC2               	goto	l2821
  1673     06FF                     l2843:
  1674     06FF  1283               	bcf	3,5	;RP0=0, select bank0
  1675     0700  1303               	bcf	3,6	;RP1=0, select bank0
  1676     0701  0843               	movf	_screen_flag,w
  1677                           
  1678                           ; Switch size 1, requested type "simple"
  1679                           ; Number of cases is 9, Range of values is 16 to 144
  1680                           ; switch strategies available:
  1681                           ; Name         Instructions Cycles
  1682                           ; simple_byte           28    15 (average)
  1683                           ; jumptable            263     9 (fixed)
  1684                           ;	Chosen strategy is simple_byte
  1685     0702  3A10               	xorlw	16	; case 16
  1686     0703  1903               	skipnz
  1687     0704  2EBD               	goto	l2819
  1688     0705  3A30               	xorlw	48	; case 32
  1689     0706  1903               	skipnz
  1690     0707  2ECC               	goto	l2825
  1691     0708  3A10               	xorlw	16	; case 48
  1692     0709  1903               	skipnz
  1693     070A  2ED2               	goto	l2827
  1694     070B  3A70               	xorlw	112	; case 64
  1695     070C  1903               	skipnz
  1696     070D  2EE1               	goto	l2831
  1697     070E  3A10               	xorlw	16	; case 80
  1698     070F  1903               	skipnz
  1699     0710  2EEA               	goto	l2833
  1700     0711  3A30               	xorlw	48	; case 96
  1701     0712  1903               	skipnz
  1702     0713  2EF3               	goto	l2835
  1703     0714  3A10               	xorlw	16	; case 112
  1704     0715  1903               	skipnz
  1705     0716  2EDB               	goto	l2829
  1706     0717  3AF0               	xorlw	240	; case 128
  1707     0718  1903               	skipnz
  1708     0719  2EF9               	goto	l115
  1709     071A  3A10               	xorlw	16	; case 144
  1710     071B  1903               	skipnz
  1711     071C  2EFC               	goto	l116
  1712     071D  2F1E               	goto	l108
  1713     071E                     l108:
  1714     071E  30FF               	movlw	255
  1715     071F  1283               	bcf	3,5	;RP0=0, select bank0
  1716     0720  1303               	bcf	3,6	;RP1=0, select bank0
  1717     0721  00B5               	movwf	main@reset_flag
  1718     0722  2E1D               	goto	l2761
  1719     0723  120A  118A  280C   	ljmp	start
  1720     0726                     __end_of_main:
  1721                           
  1722                           	psect	text1
  1723     01DD                     __ptext1:	
  1724 ;; *************** function _set_time *****************
  1725 ;; Defined at:
  1726 ;;		line 77 in file "micro_oven.c"
  1727 ;; Parameters:    Size  Location     Type
  1728 ;;  key             1    wreg     unsigned char 
  1729 ;;  reset_flag      1   10[BANK0 ] unsigned char 
  1730 ;; Auto vars:     Size  Location     Type
  1731 ;;  key             1   13[BANK0 ] unsigned char 
  1732 ;; Return value:  Size  Location     Type
  1733 ;;                  1    wreg      void 
  1734 ;; Registers used:
  1735 ;;		wreg, fsr0l, fsr0h, status,2, status,0, pclath, btemp1, cstack
  1736 ;; Tracked objects:
  1737 ;;		On entry : 0/0
  1738 ;;		On exit  : 0/0
  1739 ;;		Unchanged: 0/0
  1740 ;; Data sizes:     COMMON   BANK0   BANK1   BANK3   BANK2
  1741 ;;      Params:         0       1       0       0       0
  1742 ;;      Locals:         0       1       0       0       0
  1743 ;;      Temps:          0       2       0       0       0
  1744 ;;      Totals:         0       4       0       0       0
  1745 ;;Total ram usage:        4 bytes
  1746 ;; Hardware stack levels used: 1
  1747 ;; Hardware stack levels required when called: 2
  1748 ;; This function calls:
  1749 ;;		___awdiv
  1750 ;;		___awmod
  1751 ;;		___bmul
  1752 ;;		_clcd_print
  1753 ;;		_clcd_putch
  1754 ;;		_clear_screen
  1755 ;; This function is called by:
  1756 ;;		_main
  1757 ;; This function uses a non-reentrant model
  1758 ;;
  1759                           
  1760     01DD                     _set_time:	
  1761                           ;psect for function _set_time
  1762                           
  1763                           
  1764                           ;incstack = 0
  1765                           ; Regs used in _set_time: [wreg-fsr0h+status,2+status,0+pclath+btemp1+cstack]
  1766                           ;set_time@key stored from wreg
  1767     01DD  1283               	bcf	3,5	;RP0=0, select bank0
  1768     01DE  1303               	bcf	3,6	;RP1=0, select bank0
  1769     01DF  00AD               	movwf	set_time@key
  1770     01E0                     l2571:
  1771                           
  1772                           ;micro_oven.c: 77: void set_time(unsigned char key, unsigned char reset_flag);micro_oven
      +                          .c: 78: {;micro_oven.c: 79:     static unsigned char blink_pos=0;;micro_oven.c: 80:     
      +                          static unsigned char delay, display_blank;;micro_oven.c: 81:     static unsigned char ke
      +                          y_count=0;;micro_oven.c: 83:     if(reset_flag==0x31)
  1773     01E0  3031               	movlw	49
  1774     01E1  062A               	xorwf	set_time@reset_flag,w
  1775     01E2  1D03               	btfss	3,2
  1776     01E3  29E5               	goto	u2481
  1777     01E4  29E6               	goto	u2480
  1778     01E5                     u2481:
  1779     01E5  29EB               	goto	l2575
  1780     01E6                     u2480:
  1781     01E6                     l2573:
  1782                           
  1783                           ;micro_oven.c: 84:     {;micro_oven.c: 85:         sec=0;
  1784     01E6  01C2               	clrf	_sec
  1785                           
  1786                           ;micro_oven.c: 86:         minn=0;
  1787     01E7  01C1               	clrf	_minn
  1788                           
  1789                           ;micro_oven.c: 87:         key=0;
  1790     01E8  01AD               	clrf	set_time@key
  1791                           
  1792                           ;micro_oven.c: 88:         key_count=0;
  1793     01E9  01BC               	clrf	set_time@key_count
  1794                           
  1795                           ;micro_oven.c: 89:         blink_pos=0;
  1796     01EA  01BF               	clrf	set_time@blink_pos
  1797     01EB                     l2575:
  1798                           
  1799                           ;micro_oven.c: 92:     clcd_print("SET TIME (MM:SS)",(0x80 + 0));
  1800     01EB  3011               	movlw	low (STR_13| (0+32768))
  1801     01EC  00F6               	movwf	clcd_print@str
  1802     01ED  3085               	movlw	high (STR_13| (0+32768))
  1803     01EE  00F7               	movwf	clcd_print@str+1
  1804     01EF  3080               	movlw	128
  1805     01F0  00F8               	movwf	clcd_print@addr
  1806     01F1  120A  118A  24CF  120A  118A  	fcall	_clcd_print
  1807     01F6                     l2577:
  1808                           
  1809                           ;micro_oven.c: 93:     clcd_print("TIME:",(0xC0 + 0));
  1810     01F6  300C               	movlw	low (STR_14| (0+32768))
  1811     01F7  00F6               	movwf	clcd_print@str
  1812     01F8  3086               	movlw	high (STR_14| (0+32768))
  1813     01F9  00F7               	movwf	clcd_print@str+1
  1814     01FA  30C0               	movlw	192
  1815     01FB  00F8               	movwf	clcd_print@addr
  1816     01FC  120A  118A  24CF  120A  118A  	fcall	_clcd_print
  1817     0201                     l2579:
  1818                           
  1819                           ;micro_oven.c: 94:     clcd_putch(':',(0xC0 + 7));
  1820     0201  30C7               	movlw	199
  1821     0202  1283               	bcf	3,5	;RP0=0, select bank0
  1822     0203  1303               	bcf	3,6	;RP1=0, select bank0
  1823     0204  00A8               	movwf	clcd_putch@addr
  1824     0205  303A               	movlw	58
  1825     0206  120A  158A  244F  120A  118A  	fcall	_clcd_putch
  1826     020B                     l2581:
  1827                           
  1828                           ;micro_oven.c: 95:     clcd_print("*:CLEAR #:ENTER", (0xD0 + 0));
  1829     020B  3022               	movlw	low (STR_15| (0+32768))
  1830     020C  00F6               	movwf	clcd_print@str
  1831     020D  3085               	movlw	high (STR_15| (0+32768))
  1832     020E  00F7               	movwf	clcd_print@str+1
  1833     020F  30D0               	movlw	208
  1834     0210  00F8               	movwf	clcd_print@addr
  1835     0211  120A  118A  24CF  120A  118A  	fcall	_clcd_print
  1836     0216                     l2583:
  1837                           
  1838                           ;micro_oven.c: 99:     if(key!='*' && key!='#' && key!=0xFF)
  1839     0216  302A               	movlw	42
  1840     0217  1283               	bcf	3,5	;RP0=0, select bank0
  1841     0218  1303               	bcf	3,6	;RP1=0, select bank0
  1842     0219  062D               	xorwf	set_time@key,w
  1843     021A  1903               	btfsc	3,2
  1844     021B  2A1D               	goto	u2491
  1845     021C  2A1E               	goto	u2490
  1846     021D                     u2491:
  1847     021D  2A54               	goto	l2603
  1848     021E                     u2490:
  1849     021E                     l2585:
  1850     021E  3023               	movlw	35
  1851     021F  062D               	xorwf	set_time@key,w
  1852     0220  1903               	btfsc	3,2
  1853     0221  2A23               	goto	u2501
  1854     0222  2A24               	goto	u2500
  1855     0223                     u2501:
  1856     0223  2A54               	goto	l2603
  1857     0224                     u2500:
  1858     0224                     l2587:
  1859     0224  0A2D               	incf	set_time@key,w
  1860     0225  1903               	btfsc	3,2
  1861     0226  2A28               	goto	u2511
  1862     0227  2A29               	goto	u2510
  1863     0228                     u2511:
  1864     0228  2A54               	goto	l2603
  1865     0229                     u2510:
  1866     0229                     l2589:
  1867                           
  1868                           ;micro_oven.c: 100:     {;micro_oven.c: 102:         key_count++;
  1869     0229  3001               	movlw	1
  1870     022A  07BC               	addwf	set_time@key_count,f
  1871     022B                     l2591:
  1872                           
  1873                           ;micro_oven.c: 103:         if(key_count<=3)
  1874     022B  3004               	movlw	4
  1875     022C  023C               	subwf	set_time@key_count,w
  1876     022D  1803               	skipnc
  1877     022E  2A30               	goto	u2521
  1878     022F  2A31               	goto	u2520
  1879     0230                     u2521:
  1880     0230  2A3F               	goto	l2597
  1881     0231                     u2520:
  1882     0231                     l2593:
  1883                           
  1884                           ;micro_oven.c: 104:         {;micro_oven.c: 105:             sec=sec*10+key;
  1885     0231  300A               	movlw	10
  1886     0232  00F2               	movwf	___bmul@multiplicand
  1887     0233  0842               	movf	_sec,w
  1888     0234  120A  158A  243C  120A  118A  	fcall	___bmul
  1889     0239  1283               	bcf	3,5	;RP0=0, select bank0
  1890     023A  1303               	bcf	3,6	;RP1=0, select bank0
  1891     023B  072D               	addwf	set_time@key,w
  1892     023C  00C2               	movwf	_sec
  1893     023D                     l2595:
  1894                           
  1895                           ;micro_oven.c: 106:             blink_pos=0;
  1896     023D  01BF               	clrf	set_time@blink_pos
  1897                           
  1898                           ;micro_oven.c: 107:         }
  1899     023E  2A7C               	goto	l2625
  1900     023F                     l2597:
  1901     023F  3006               	movlw	6
  1902     0240  023C               	subwf	set_time@key_count,w
  1903     0241  1803               	skipnc
  1904     0242  2A44               	goto	u2531
  1905     0243  2A45               	goto	u2530
  1906     0244                     u2531:
  1907     0244  2A7C               	goto	l2625
  1908     0245                     u2530:
  1909     0245                     l2599:
  1910                           
  1911                           ;micro_oven.c: 109:         {;micro_oven.c: 110:             minn=minn*10+key;
  1912     0245  300A               	movlw	10
  1913     0246  00F2               	movwf	___bmul@multiplicand
  1914     0247  0841               	movf	_minn,w
  1915     0248  120A  158A  243C  120A  118A  	fcall	___bmul
  1916     024D  1283               	bcf	3,5	;RP0=0, select bank0
  1917     024E  1303               	bcf	3,6	;RP1=0, select bank0
  1918     024F  072D               	addwf	set_time@key,w
  1919     0250  00C1               	movwf	_minn
  1920     0251                     l2601:
  1921                           
  1922                           ;micro_oven.c: 111:             blink_pos=1;
  1923     0251  3001               	movlw	1
  1924     0252  00BF               	movwf	set_time@blink_pos
  1925     0253  2A7C               	goto	l2625
  1926     0254                     l2603:
  1927     0254  302A               	movlw	42
  1928     0255  062D               	xorwf	set_time@key,w
  1929     0256  1D03               	btfss	3,2
  1930     0257  2A59               	goto	u2541
  1931     0258  2A5A               	goto	u2540
  1932     0259                     u2541:
  1933     0259  2A6B               	goto	l2615
  1934     025A                     u2540:
  1935     025A                     l2605:
  1936                           
  1937                           ;micro_oven.c: 115:     {;micro_oven.c: 116:         if(blink_pos==0)
  1938     025A  083F               	movf	set_time@blink_pos,w
  1939     025B  1D03               	btfss	3,2
  1940     025C  2A5E               	goto	u2551
  1941     025D  2A5F               	goto	u2550
  1942     025E                     u2551:
  1943     025E  2A62               	goto	l2609
  1944     025F                     u2550:
  1945     025F                     l2607:
  1946                           
  1947                           ;micro_oven.c: 117:         {;micro_oven.c: 118:             sec=0;
  1948     025F  01C2               	clrf	_sec
  1949                           
  1950                           ;micro_oven.c: 119:             key_count=0;
  1951     0260  01BC               	clrf	set_time@key_count
  1952                           
  1953                           ;micro_oven.c: 120:         }
  1954     0261  2A7C               	goto	l2625
  1955     0262                     l2609:
  1956     0262  033F               	decf	set_time@blink_pos,w
  1957     0263  1D03               	btfss	3,2
  1958     0264  2A66               	goto	u2561
  1959     0265  2A67               	goto	u2560
  1960     0266                     u2561:
  1961     0266  2A7C               	goto	l2625
  1962     0267                     u2560:
  1963     0267                     l2611:
  1964                           
  1965                           ;micro_oven.c: 122:             minn=0;
  1966     0267  01C1               	clrf	_minn
  1967     0268                     l2613:
  1968                           
  1969                           ;micro_oven.c: 123:             key_count=2;
  1970     0268  3002               	movlw	2
  1971     0269  00BC               	movwf	set_time@key_count
  1972     026A  2A7C               	goto	l2625
  1973     026B                     l2615:
  1974     026B  3023               	movlw	35
  1975     026C  062D               	xorwf	set_time@key,w
  1976     026D  1D03               	btfss	3,2
  1977     026E  2A70               	goto	u2571
  1978     026F  2A71               	goto	u2570
  1979     0270                     u2571:
  1980     0270  2A7C               	goto	l2625
  1981     0271                     u2570:
  1982     0271                     l2617:
  1983                           
  1984                           ;micro_oven.c: 128:     {;micro_oven.c: 129:         clear_screen();
  1985     0271  120A  158A  242B  120A  118A  	fcall	_clear_screen
  1986     0276                     l2619:
  1987                           
  1988                           ;micro_oven.c: 131:         RC2=1;
  1989     0276  1283               	bcf	3,5	;RP0=0, select bank0
  1990     0277  1303               	bcf	3,6	;RP1=0, select bank0
  1991     0278  1507               	bsf	7,2	;volatile
  1992     0279                     l2621:
  1993                           
  1994                           ;micro_oven.c: 132:         TMR2ON = 1;
  1995     0279  1512               	bsf	18,2	;volatile
  1996     027A                     l2623:
  1997                           
  1998                           ;micro_oven.c: 134:         screen_flag=0x70;
  1999     027A  3070               	movlw	112
  2000     027B  00C3               	movwf	_screen_flag
  2001     027C                     l2625:
  2002                           
  2003                           ;micro_oven.c: 140:     if(delay++ ==7)
  2004     027C  3001               	movlw	1
  2005     027D  07BE               	addwf	set_time@delay,f
  2006     027E  3008               	movlw	8
  2007     027F  063E               	xorwf	set_time@delay,w
  2008     0280  1D03               	btfss	3,2
  2009     0281  2A83               	goto	u2581
  2010     0282  2A84               	goto	u2580
  2011     0283                     u2581:
  2012     0283  2A8D               	goto	l2631
  2013     0284                     u2580:
  2014     0284                     l2627:
  2015                           
  2016                           ;micro_oven.c: 141:     {;micro_oven.c: 142:         delay=0;
  2017     0284  01BE               	clrf	set_time@delay
  2018     0285                     l2629:
  2019                           
  2020                           ;micro_oven.c: 143:         display_blank=!display_blank;
  2021     0285  083D               	movf	set_time@display_blank,w
  2022     0286  1903               	btfsc	3,2
  2023     0287  2A89               	goto	u2591
  2024     0288  2A8B               	goto	u2590
  2025     0289                     u2591:
  2026     0289  3001               	movlw	1
  2027     028A  2A8C               	goto	u2600
  2028     028B                     u2590:
  2029     028B  3000               	movlw	0
  2030     028C                     u2600:
  2031     028C  00BD               	movwf	set_time@display_blank
  2032     028D                     l2631:
  2033                           
  2034                           ;micro_oven.c: 146:     if(display_blank){
  2035     028D  083D               	movf	set_time@display_blank,w
  2036     028E  1903               	btfsc	3,2
  2037     028F  2A91               	goto	u2611
  2038     0290  2A92               	goto	u2610
  2039     0291                     u2611:
  2040     0291  2ABD               	goto	l2639
  2041     0292                     u2610:
  2042     0292                     l2633:
  2043                           
  2044                           ;micro_oven.c: 147:         if (blink_pos==0)
  2045     0292  083F               	movf	set_time@blink_pos,w
  2046     0293  1D03               	btfss	3,2
  2047     0294  2A96               	goto	u2621
  2048     0295  2A97               	goto	u2620
  2049     0296                     u2621:
  2050     0296  2AAA               	goto	l2637
  2051     0297                     u2620:
  2052     0297                     l2635:
  2053                           
  2054                           ;micro_oven.c: 148:         {;micro_oven.c: 149:             clcd_putch(' ',(0xC0 + 8));
  2055     0297  30C8               	movlw	200
  2056     0298  00A8               	movwf	clcd_putch@addr
  2057     0299  3020               	movlw	32
  2058     029A  120A  158A  244F  120A  118A  	fcall	_clcd_putch
  2059                           
  2060                           ;micro_oven.c: 150:             clcd_putch(' ',(0xC0 + 9));
  2061     029F  30C9               	movlw	201
  2062     02A0  1283               	bcf	3,5	;RP0=0, select bank0
  2063     02A1  1303               	bcf	3,6	;RP1=0, select bank0
  2064     02A2  00A8               	movwf	clcd_putch@addr
  2065     02A3  3020               	movlw	32
  2066     02A4  120A  158A  244F  120A  118A  	fcall	_clcd_putch
  2067                           
  2068                           ;micro_oven.c: 151:             }
  2069     02A9  2B2B               	goto	l265
  2070     02AA                     l2637:
  2071                           
  2072                           ;micro_oven.c: 153:             clcd_putch(' ',(0xC0 + 5));
  2073     02AA  30C5               	movlw	197
  2074     02AB  00A8               	movwf	clcd_putch@addr
  2075     02AC  3020               	movlw	32
  2076     02AD  120A  158A  244F  120A  118A  	fcall	_clcd_putch
  2077                           
  2078                           ;micro_oven.c: 154:             clcd_putch(' ',(0xC0 + 6));
  2079     02B2  30C6               	movlw	198
  2080     02B3  1283               	bcf	3,5	;RP0=0, select bank0
  2081     02B4  1303               	bcf	3,6	;RP1=0, select bank0
  2082     02B5  00A8               	movwf	clcd_putch@addr
  2083     02B6  3020               	movlw	32
  2084     02B7  120A  158A  244F  120A  118A  	fcall	_clcd_putch
  2085     02BC  2B2B               	goto	l265
  2086     02BD                     l2639:
  2087                           
  2088                           ;micro_oven.c: 159:         clcd_putch(sec/10+'0',(0xC0 + 8));
  2089     02BD  30C8               	movlw	200
  2090     02BE  00A8               	movwf	clcd_putch@addr
  2091     02BF  300A               	movlw	10
  2092     02C0  00F2               	movwf	___awdiv@divisor
  2093     02C1  3000               	movlw	0
  2094     02C2  00F3               	movwf	___awdiv@divisor+1
  2095     02C3  0842               	movf	_sec,w
  2096     02C4  00AB               	movwf	??_set_time
  2097     02C5  01AC               	clrf	??_set_time+1
  2098     02C6  082B               	movf	??_set_time,w
  2099     02C7  00F4               	movwf	___awdiv@dividend
  2100     02C8  082C               	movf	??_set_time+1,w
  2101     02C9  00F5               	movwf	___awdiv@dividend+1
  2102     02CA  120A  118A  2726  120A  118A  	fcall	___awdiv
  2103     02CF  0872               	movf	?___awdiv,w
  2104     02D0  3E30               	addlw	48
  2105     02D1  120A  158A  244F  120A  118A  	fcall	_clcd_putch
  2106                           
  2107                           ;micro_oven.c: 160:         clcd_putch(sec%10+'0',(0xC0 + 9));
  2108     02D6  30C9               	movlw	201
  2109     02D7  1283               	bcf	3,5	;RP0=0, select bank0
  2110     02D8  1303               	bcf	3,6	;RP1=0, select bank0
  2111     02D9  00A8               	movwf	clcd_putch@addr
  2112     02DA  300A               	movlw	10
  2113     02DB  00A4               	movwf	___awmod@divisor
  2114     02DC  3000               	movlw	0
  2115     02DD  00A5               	movwf	___awmod@divisor+1
  2116     02DE  0842               	movf	_sec,w
  2117     02DF  00AB               	movwf	??_set_time
  2118     02E0  01AC               	clrf	??_set_time+1
  2119     02E1  082B               	movf	??_set_time,w
  2120     02E2  00A6               	movwf	___awmod@dividend
  2121     02E3  082C               	movf	??_set_time+1,w
  2122     02E4  00A7               	movwf	___awmod@dividend+1
  2123     02E5  120A  118A  2476  120A  118A  	fcall	___awmod
  2124     02EA  1283               	bcf	3,5	;RP0=0, select bank0
  2125     02EB  1303               	bcf	3,6	;RP1=0, select bank0
  2126     02EC  0824               	movf	?___awmod,w
  2127     02ED  3E30               	addlw	48
  2128     02EE  120A  158A  244F  120A  118A  	fcall	_clcd_putch
  2129                           
  2130                           ;micro_oven.c: 162:         clcd_putch(minn/10+'0',(0xC0 + 5));
  2131     02F3  30C5               	movlw	197
  2132     02F4  1283               	bcf	3,5	;RP0=0, select bank0
  2133     02F5  1303               	bcf	3,6	;RP1=0, select bank0
  2134     02F6  00A8               	movwf	clcd_putch@addr
  2135     02F7  300A               	movlw	10
  2136     02F8  00F2               	movwf	___awdiv@divisor
  2137     02F9  3000               	movlw	0
  2138     02FA  00F3               	movwf	___awdiv@divisor+1
  2139     02FB  0841               	movf	_minn,w
  2140     02FC  00AB               	movwf	??_set_time
  2141     02FD  01AC               	clrf	??_set_time+1
  2142     02FE  082B               	movf	??_set_time,w
  2143     02FF  00F4               	movwf	___awdiv@dividend
  2144     0300  082C               	movf	??_set_time+1,w
  2145     0301  00F5               	movwf	___awdiv@dividend+1
  2146     0302  120A  118A  2726  120A  118A  	fcall	___awdiv
  2147     0307  0872               	movf	?___awdiv,w
  2148     0308  3E30               	addlw	48
  2149     0309  120A  158A  244F  120A  118A  	fcall	_clcd_putch
  2150                           
  2151                           ;micro_oven.c: 163:         clcd_putch(minn%10+'0',(0xC0 + 6));
  2152     030E  30C6               	movlw	198
  2153     030F  1283               	bcf	3,5	;RP0=0, select bank0
  2154     0310  1303               	bcf	3,6	;RP1=0, select bank0
  2155     0311  00A8               	movwf	clcd_putch@addr
  2156     0312  300A               	movlw	10
  2157     0313  00A4               	movwf	___awmod@divisor
  2158     0314  3000               	movlw	0
  2159     0315  00A5               	movwf	___awmod@divisor+1
  2160     0316  0841               	movf	_minn,w
  2161     0317  00AB               	movwf	??_set_time
  2162     0318  01AC               	clrf	??_set_time+1
  2163     0319  082B               	movf	??_set_time,w
  2164     031A  00A6               	movwf	___awmod@dividend
  2165     031B  082C               	movf	??_set_time+1,w
  2166     031C  00A7               	movwf	___awmod@dividend+1
  2167     031D  120A  118A  2476  120A  118A  	fcall	___awmod
  2168     0322  1283               	bcf	3,5	;RP0=0, select bank0
  2169     0323  1303               	bcf	3,6	;RP1=0, select bank0
  2170     0324  0824               	movf	?___awmod,w
  2171     0325  3E30               	addlw	48
  2172     0326  120A  158A  244F  120A  118A  	fcall	_clcd_putch
  2173     032B                     l265:
  2174     032B  0008               	return
  2175     032C                     __end_of_set_time:
  2176                           
  2177                           	psect	text2
  2178     0C3C                     __ptext2:	
  2179 ;; *************** function ___bmul *****************
  2180 ;; Defined at:
  2181 ;;		line 4 in file "C:\Program Files\Microchip\xc8\v3.10\pic\sources\c99\common\Umul8.c"
  2182 ;; Parameters:    Size  Location     Type
  2183 ;;  multiplier      1    wreg     unsigned char 
  2184 ;;  multiplicand    1    2[COMMON] unsigned char 
  2185 ;; Auto vars:     Size  Location     Type
  2186 ;;  multiplier      1    4[COMMON] unsigned char 
  2187 ;;  product         1    3[COMMON] unsigned char 
  2188 ;; Return value:  Size  Location     Type
  2189 ;;                  1    wreg      unsigned char 
  2190 ;; Registers used:
  2191 ;;		wreg, status,2, status,0
  2192 ;; Tracked objects:
  2193 ;;		On entry : 0/0
  2194 ;;		On exit  : 0/0
  2195 ;;		Unchanged: 0/0
  2196 ;; Data sizes:     COMMON   BANK0   BANK1   BANK3   BANK2
  2197 ;;      Params:         1       0       0       0       0
  2198 ;;      Locals:         2       0       0       0       0
  2199 ;;      Temps:          0       0       0       0       0
  2200 ;;      Totals:         3       0       0       0       0
  2201 ;;Total ram usage:        3 bytes
  2202 ;; Hardware stack levels used: 1
  2203 ;; Hardware stack levels required when called: 1
  2204 ;; This function calls:
  2205 ;;		Nothing
  2206 ;; This function is called by:
  2207 ;;		_set_time
  2208 ;; This function uses a non-reentrant model
  2209 ;;
  2210                           
  2211     0C3C                     ___bmul:	
  2212                           ;psect for function ___bmul
  2213                           
  2214                           
  2215                           ;incstack = 0
  2216                           ; Regs used in ___bmul: [wreg+status,2+status,0]
  2217                           ;___bmul@multiplier stored from wreg
  2218     0C3C  00F4               	movwf	___bmul@multiplier
  2219     0C3D                     l2453:
  2220     0C3D  01F3               	clrf	___bmul@product
  2221     0C3E                     l2455:
  2222     0C3E  1C74               	btfss	___bmul@multiplier,0
  2223     0C3F  2C41               	goto	u2211
  2224     0C40  2C42               	goto	u2210
  2225     0C41                     u2211:
  2226     0C41  2C44               	goto	l2459
  2227     0C42                     u2210:
  2228     0C42                     l2457:
  2229     0C42  0872               	movf	___bmul@multiplicand,w
  2230     0C43  07F3               	addwf	___bmul@product,f
  2231     0C44                     l2459:
  2232     0C44  1003               	clrc
  2233     0C45  0DF2               	rlf	___bmul@multiplicand,f
  2234     0C46                     l2461:
  2235     0C46  1003               	clrc
  2236     0C47  0CF4               	rrf	___bmul@multiplier,f
  2237     0C48  0874               	movf	___bmul@multiplier,w
  2238     0C49  1D03               	btfss	3,2
  2239     0C4A  2C4C               	goto	u2221
  2240     0C4B  2C4D               	goto	u2220
  2241     0C4C                     u2221:
  2242     0C4C  2C3E               	goto	l2455
  2243     0C4D                     u2220:
  2244     0C4D                     l2463:
  2245     0C4D  0873               	movf	___bmul@product,w
  2246     0C4E                     l431:
  2247     0C4E  0008               	return
  2248     0C4F                     __end_of___bmul:
  2249                           
  2250                           	psect	text3
  2251     002D                     __ptext3:	
  2252 ;; *************** function _set_temp *****************
  2253 ;; Defined at:
  2254 ;;		line 167 in file "micro_oven.c"
  2255 ;; Parameters:    Size  Location     Type
  2256 ;;  key             1    wreg     unsigned char 
  2257 ;;  reset_flag      1   10[BANK0 ] unsigned char 
  2258 ;; Auto vars:     Size  Location     Type
  2259 ;;  key             1   14[BANK0 ] unsigned char 
  2260 ;; Return value:  Size  Location     Type
  2261 ;;                  1    wreg      void 
  2262 ;; Registers used:
  2263 ;;		wreg, fsr0l, fsr0h, status,2, status,0, pclath, btemp1, cstack
  2264 ;; Tracked objects:
  2265 ;;		On entry : 0/0
  2266 ;;		On exit  : 0/0
  2267 ;;		Unchanged: 0/0
  2268 ;; Data sizes:     COMMON   BANK0   BANK1   BANK3   BANK2
  2269 ;;      Params:         0       1       0       0       0
  2270 ;;      Locals:         0       1       0       0       0
  2271 ;;      Temps:          0       3       0       0       0
  2272 ;;      Totals:         0       5       0       0       0
  2273 ;;Total ram usage:        5 bytes
  2274 ;; Hardware stack levels used: 1
  2275 ;; Hardware stack levels required when called: 2
  2276 ;; This function calls:
  2277 ;;		___awdiv
  2278 ;;		___awmod
  2279 ;;		___lwdiv
  2280 ;;		___lwmod
  2281 ;;		___wmul
  2282 ;;		_clcd_print
  2283 ;;		_clcd_putch
  2284 ;;		_clear_screen
  2285 ;; This function is called by:
  2286 ;;		_main
  2287 ;; This function uses a non-reentrant model
  2288 ;;
  2289                           
  2290     002D                     _set_temp:	
  2291                           ;psect for function _set_temp
  2292                           
  2293                           
  2294                           ;incstack = 0
  2295                           ; Regs used in _set_temp: [wreg-fsr0h+status,2+status,0+pclath+btemp1+cstack]
  2296                           ;set_temp@key stored from wreg
  2297     002D  1283               	bcf	3,5	;RP0=0, select bank0
  2298     002E  1303               	bcf	3,6	;RP1=0, select bank0
  2299     002F  00AE               	movwf	set_temp@key
  2300     0030                     l2687:
  2301                           
  2302                           ;micro_oven.c: 167: void set_temp(unsigned char key,unsigned char reset_flag);micro_oven
      +                          .c: 168: {;micro_oven.c: 170:     static unsigned char delay, display_blank;;micro_oven.
      +                          c: 171:     static unsigned char key_count=0;;micro_oven.c: 173:     if(reset_flag==0x31
      +                          )
  2303     0030  3031               	movlw	49
  2304     0031  062A               	xorwf	set_temp@reset_flag,w
  2305     0032  1D03               	btfss	3,2
  2306     0033  2835               	goto	u2651
  2307     0034  2836               	goto	u2650
  2308     0035                     u2651:
  2309     0035  283A               	goto	l2691
  2310     0036                     u2650:
  2311     0036                     l2689:
  2312                           
  2313                           ;micro_oven.c: 174:     {;micro_oven.c: 175:         temp=0;
  2314     0036  01B7               	clrf	_temp
  2315     0037  01B8               	clrf	_temp+1
  2316                           
  2317                           ;micro_oven.c: 176:         key=0;
  2318     0038  01AE               	clrf	set_temp@key
  2319                           
  2320                           ;micro_oven.c: 177:         key_count=0;
  2321     0039  01B9               	clrf	set_temp@key_count
  2322     003A                     l2691:
  2323                           
  2324                           ;micro_oven.c: 180:     if(delay++ ==5)
  2325     003A  3001               	movlw	1
  2326     003B  07BB               	addwf	set_temp@delay,f
  2327     003C  3006               	movlw	6
  2328     003D  063B               	xorwf	set_temp@delay,w
  2329     003E  1D03               	btfss	3,2
  2330     003F  2841               	goto	u2661
  2331     0040  2842               	goto	u2660
  2332     0041                     u2661:
  2333     0041  284B               	goto	l2697
  2334     0042                     u2660:
  2335     0042                     l2693:
  2336                           
  2337                           ;micro_oven.c: 181:     {;micro_oven.c: 182:         delay=0;
  2338     0042  01BB               	clrf	set_temp@delay
  2339     0043                     l2695:
  2340                           
  2341                           ;micro_oven.c: 183:         display_blank=!display_blank;
  2342     0043  083A               	movf	set_temp@display_blank,w
  2343     0044  1903               	btfsc	3,2
  2344     0045  2847               	goto	u2671
  2345     0046  2849               	goto	u2670
  2346     0047                     u2671:
  2347     0047  3001               	movlw	1
  2348     0048  284A               	goto	u2680
  2349     0049                     u2670:
  2350     0049  3000               	movlw	0
  2351     004A                     u2680:
  2352     004A  00BA               	movwf	set_temp@display_blank
  2353     004B                     l2697:
  2354                           
  2355                           ;micro_oven.c: 187:     clcd_print("SET TEMP ('C)",(0x80 + 1));
  2356     004B  3060               	movlw	low (STR_16| (0+32768))
  2357     004C  00F6               	movwf	clcd_print@str
  2358     004D  3085               	movlw	high (STR_16| (0+32768))
  2359     004E  00F7               	movwf	clcd_print@str+1
  2360     004F  3081               	movlw	129
  2361     0050  00F8               	movwf	clcd_print@addr
  2362     0051  120A  118A  24CF  120A  118A  	fcall	_clcd_print
  2363     0056                     l2699:
  2364                           
  2365                           ;micro_oven.c: 188:     clcd_print("TEMP:",(0xC0 + 1));
  2366     0056  3012               	movlw	low (STR_17| (0+32768))
  2367     0057  00F6               	movwf	clcd_print@str
  2368     0058  3086               	movlw	high (STR_17| (0+32768))
  2369     0059  00F7               	movwf	clcd_print@str+1
  2370     005A  30C1               	movlw	193
  2371     005B  00F8               	movwf	clcd_print@addr
  2372     005C  120A  118A  24CF  120A  118A  	fcall	_clcd_print
  2373     0061                     l2701:
  2374                           
  2375                           ;micro_oven.c: 189:     clcd_print("*:CLEAR #:ENTER", (0xD0 + 0));
  2376     0061  3022               	movlw	low (STR_15| (0+32768))
  2377     0062  00F6               	movwf	clcd_print@str
  2378     0063  3085               	movlw	high (STR_15| (0+32768))
  2379     0064  00F7               	movwf	clcd_print@str+1
  2380     0065  30D0               	movlw	208
  2381     0066  00F8               	movwf	clcd_print@addr
  2382     0067  120A  118A  24CF  120A  118A  	fcall	_clcd_print
  2383     006C                     l2703:
  2384                           
  2385                           ;micro_oven.c: 192:     if(key!='*' && key!='#' && key!=0xFF)
  2386     006C  302A               	movlw	42
  2387     006D  1283               	bcf	3,5	;RP0=0, select bank0
  2388     006E  1303               	bcf	3,6	;RP1=0, select bank0
  2389     006F  062E               	xorwf	set_temp@key,w
  2390     0070  1903               	btfsc	3,2
  2391     0071  2873               	goto	u2691
  2392     0072  2874               	goto	u2690
  2393     0073                     u2691:
  2394     0073  289F               	goto	l2715
  2395     0074                     u2690:
  2396     0074                     l2705:
  2397     0074  3023               	movlw	35
  2398     0075  062E               	xorwf	set_temp@key,w
  2399     0076  1903               	btfsc	3,2
  2400     0077  2879               	goto	u2701
  2401     0078  287A               	goto	u2700
  2402     0079                     u2701:
  2403     0079  289F               	goto	l2715
  2404     007A                     u2700:
  2405     007A                     l2707:
  2406     007A  0A2E               	incf	set_temp@key,w
  2407     007B  1903               	btfsc	3,2
  2408     007C  287E               	goto	u2711
  2409     007D  287F               	goto	u2710
  2410     007E                     u2711:
  2411     007E  289F               	goto	l2715
  2412     007F                     u2710:
  2413     007F                     l2709:
  2414                           
  2415                           ;micro_oven.c: 193:     {;micro_oven.c: 195:         key_count++;
  2416     007F  3001               	movlw	1
  2417     0080  07B9               	addwf	set_temp@key_count,f
  2418     0081                     l2711:
  2419                           
  2420                           ;micro_oven.c: 196:         if(key_count<=4)
  2421     0081  3005               	movlw	5
  2422     0082  0239               	subwf	set_temp@key_count,w
  2423     0083  1803               	skipnc
  2424     0084  2886               	goto	u2721
  2425     0085  2887               	goto	u2720
  2426     0086                     u2721:
  2427     0086  2961               	goto	l2753
  2428     0087                     u2720:
  2429     0087                     l2713:
  2430                           
  2431                           ;micro_oven.c: 197:         {;micro_oven.c: 198:             temp=temp*10+key;
  2432     0087  0838               	movf	_temp+1,w
  2433     0088  00F3               	movwf	___wmul@multiplier+1
  2434     0089  0837               	movf	_temp,w
  2435     008A  00F2               	movwf	___wmul@multiplier
  2436     008B  300A               	movlw	10
  2437     008C  00F4               	movwf	___wmul@multiplicand
  2438     008D  3000               	movlw	0
  2439     008E  00F5               	movwf	___wmul@multiplicand+1
  2440     008F  120A  158A  24BE  120A  118A  	fcall	___wmul
  2441     0094  1283               	bcf	3,5	;RP0=0, select bank0
  2442     0095  1303               	bcf	3,6	;RP1=0, select bank0
  2443     0096  082E               	movf	set_temp@key,w
  2444     0097  0772               	addwf	?___wmul,w
  2445     0098  00B7               	movwf	_temp
  2446     0099  3000               	movlw	0
  2447     009A  1803               	skipnc
  2448     009B  3001               	movlw	1
  2449     009C  0773               	addwf	?___wmul+1,w
  2450     009D  00B8               	movwf	_temp+1
  2451     009E  2961               	goto	l2753
  2452     009F                     l2715:
  2453     009F  302A               	movlw	42
  2454     00A0  062E               	xorwf	set_temp@key,w
  2455     00A1  1D03               	btfss	3,2
  2456     00A2  28A4               	goto	u2731
  2457     00A3  28A5               	goto	u2730
  2458     00A4                     u2731:
  2459     00A4  28A9               	goto	l2719
  2460     00A5                     u2730:
  2461     00A5                     l2717:
  2462                           
  2463                           ;micro_oven.c: 202:     {;micro_oven.c: 203:         temp=0;
  2464     00A5  01B7               	clrf	_temp
  2465     00A6  01B8               	clrf	_temp+1
  2466                           
  2467                           ;micro_oven.c: 204:         key_count=0;
  2468     00A7  01B9               	clrf	set_temp@key_count
  2469                           
  2470                           ;micro_oven.c: 205:     }
  2471     00A8  2961               	goto	l2753
  2472     00A9                     l2719:
  2473     00A9  3023               	movlw	35
  2474     00AA  062E               	xorwf	set_temp@key,w
  2475     00AB  1D03               	btfss	3,2
  2476     00AC  28AE               	goto	u2741
  2477     00AD  28AF               	goto	u2740
  2478     00AE                     u2741:
  2479     00AE  2961               	goto	l2753
  2480     00AF                     u2740:
  2481     00AF                     l2721:
  2482                           
  2483                           ;micro_oven.c: 207:     {;micro_oven.c: 208:         if(temp>180)
  2484     00AF  3000               	movlw	0
  2485     00B0  0238               	subwf	_temp+1,w
  2486     00B1  30B5               	movlw	181
  2487     00B2  1903               	skipnz
  2488     00B3  0237               	subwf	_temp,w
  2489     00B4  1C03               	skipc
  2490     00B5  28B7               	goto	u2751
  2491     00B6  28B8               	goto	u2750
  2492     00B7                     u2751:
  2493     00B7  28BC               	goto	l2725
  2494     00B8                     u2750:
  2495     00B8                     l2723:
  2496                           
  2497                           ;micro_oven.c: 209:         {;micro_oven.c: 210:             temp=180;
  2498     00B8  30B4               	movlw	180
  2499     00B9  00B7               	movwf	_temp
  2500     00BA  3000               	movlw	0
  2501     00BB  00B8               	movwf	_temp+1
  2502     00BC                     l2725:
  2503                           
  2504                           ;micro_oven.c: 212:         clear_screen();
  2505     00BC  120A  158A  242B  120A  118A  	fcall	_clear_screen
  2506     00C1                     l2727:
  2507                           
  2508                           ;micro_oven.c: 213:         pre_heat=60;
  2509     00C1  303C               	movlw	60
  2510     00C2  1283               	bcf	3,5	;RP0=0, select bank0
  2511     00C3  1303               	bcf	3,6	;RP1=0, select bank0
  2512     00C4  00C0               	movwf	_pre_heat
  2513     00C5                     l2729:
  2514                           
  2515                           ;micro_oven.c: 215:         TMR2ON=1;
  2516     00C5  1512               	bsf	18,2	;volatile
  2517     00C6                     l2731:
  2518                           
  2519                           ;micro_oven.c: 217:         clcd_print("Pre-Heating:",(0x80 + 2));
  2520     00C6  306E               	movlw	low (STR_19| (0+32768))
  2521     00C7  00F6               	movwf	clcd_print@str
  2522     00C8  3085               	movlw	high (STR_19| (0+32768))
  2523     00C9  00F7               	movwf	clcd_print@str+1
  2524     00CA  3082               	movlw	130
  2525     00CB  00F8               	movwf	clcd_print@addr
  2526     00CC  120A  118A  24CF  120A  118A  	fcall	_clcd_print
  2527     00D1                     l2733:
  2528                           
  2529                           ;micro_oven.c: 218:         clcd_print("Time Left:",(0x90 + 1));
  2530     00D1  30AE               	movlw	low (STR_20| (0+32768))
  2531     00D2  00F6               	movwf	clcd_print@str
  2532     00D3  3085               	movlw	high (STR_20| (0+32768))
  2533     00D4  00F7               	movwf	clcd_print@str+1
  2534     00D5  3091               	movlw	145
  2535     00D6  00F8               	movwf	clcd_print@addr
  2536     00D7  120A  118A  24CF  120A  118A  	fcall	_clcd_print
  2537     00DC                     l2735:
  2538                           
  2539                           ;micro_oven.c: 219:         clcd_putch('s',(0x90 + 14));
  2540     00DC  309E               	movlw	158
  2541     00DD  1283               	bcf	3,5	;RP0=0, select bank0
  2542     00DE  1303               	bcf	3,6	;RP1=0, select bank0
  2543     00DF  00A8               	movwf	clcd_putch@addr
  2544     00E0  3073               	movlw	115
  2545     00E1  120A  158A  244F  120A  118A  	fcall	_clcd_putch
  2546                           
  2547                           ;micro_oven.c: 220:         while(pre_heat)
  2548     00E6  292E               	goto	l2739
  2549     00E7                     l2737:
  2550                           
  2551                           ;micro_oven.c: 221:         {;micro_oven.c: 223:             clcd_putch((pre_heat/10)%10
      +                          +'0',(0x90 + 12));
  2552     00E7  309C               	movlw	156
  2553     00E8  00A8               	movwf	clcd_putch@addr
  2554     00E9  300A               	movlw	10
  2555     00EA  00A4               	movwf	___awmod@divisor
  2556     00EB  3000               	movlw	0
  2557     00EC  00A5               	movwf	___awmod@divisor+1
  2558     00ED  300A               	movlw	10
  2559     00EE  00F2               	movwf	___awdiv@divisor
  2560     00EF  3000               	movlw	0
  2561     00F0  00F3               	movwf	___awdiv@divisor+1
  2562     00F1  0840               	movf	_pre_heat,w
  2563     00F2  00AB               	movwf	??_set_temp
  2564     00F3  01AC               	clrf	??_set_temp+1
  2565     00F4  082B               	movf	??_set_temp,w
  2566     00F5  00F4               	movwf	___awdiv@dividend
  2567     00F6  082C               	movf	??_set_temp+1,w
  2568     00F7  00F5               	movwf	___awdiv@dividend+1
  2569     00F8  120A  118A  2726  120A  118A  	fcall	___awdiv
  2570     00FD  0873               	movf	?___awdiv+1,w
  2571     00FE  1283               	bcf	3,5	;RP0=0, select bank0
  2572     00FF  1303               	bcf	3,6	;RP1=0, select bank0
  2573     0100  00A7               	movwf	___awmod@dividend+1
  2574     0101  0872               	movf	?___awdiv,w
  2575     0102  00A6               	movwf	___awmod@dividend
  2576     0103  120A  118A  2476  120A  118A  	fcall	___awmod
  2577     0108  1283               	bcf	3,5	;RP0=0, select bank0
  2578     0109  1303               	bcf	3,6	;RP1=0, select bank0
  2579     010A  0824               	movf	?___awmod,w
  2580     010B  3E30               	addlw	48
  2581     010C  120A  158A  244F  120A  118A  	fcall	_clcd_putch
  2582                           
  2583                           ;micro_oven.c: 224:             clcd_putch(pre_heat%10+'0',(0x90 + 13));
  2584     0111  309D               	movlw	157
  2585     0112  1283               	bcf	3,5	;RP0=0, select bank0
  2586     0113  1303               	bcf	3,6	;RP1=0, select bank0
  2587     0114  00A8               	movwf	clcd_putch@addr
  2588     0115  300A               	movlw	10
  2589     0116  00A4               	movwf	___awmod@divisor
  2590     0117  3000               	movlw	0
  2591     0118  00A5               	movwf	___awmod@divisor+1
  2592     0119  0840               	movf	_pre_heat,w
  2593     011A  00AB               	movwf	??_set_temp
  2594     011B  01AC               	clrf	??_set_temp+1
  2595     011C  082B               	movf	??_set_temp,w
  2596     011D  00A6               	movwf	___awmod@dividend
  2597     011E  082C               	movf	??_set_temp+1,w
  2598     011F  00A7               	movwf	___awmod@dividend+1
  2599     0120  120A  118A  2476  120A  118A  	fcall	___awmod
  2600     0125  1283               	bcf	3,5	;RP0=0, select bank0
  2601     0126  1303               	bcf	3,6	;RP1=0, select bank0
  2602     0127  0824               	movf	?___awmod,w
  2603     0128  3E30               	addlw	48
  2604     0129  120A  158A  244F  120A  118A  	fcall	_clcd_putch
  2605     012E                     l2739:
  2606                           
  2607                           ;micro_oven.c: 220:         while(pre_heat)
  2608     012E  1283               	bcf	3,5	;RP0=0, select bank0
  2609     012F  1303               	bcf	3,6	;RP1=0, select bank0
  2610     0130  0840               	movf	_pre_heat,w
  2611     0131  1D03               	btfss	3,2
  2612     0132  2934               	goto	u2761
  2613     0133  2935               	goto	u2760
  2614     0134                     u2761:
  2615     0134  28E7               	goto	l2737
  2616     0135                     u2760:
  2617     0135                     l285:
  2618                           
  2619                           ;micro_oven.c: 226:         RC1=1;
  2620     0135  1487               	bsf	7,1	;volatile
  2621     0136                     l2741:
  2622                           
  2623                           ;micro_oven.c: 227:         _delay((unsigned long)((2000)*(20000000/4000.0)));
  2624     0136  3033               	movlw	51
  2625     0137  1283               	bcf	3,5	;RP0=0, select bank0
  2626     0138  1303               	bcf	3,6	;RP1=0, select bank0
  2627     0139  00AD               	movwf	??_set_temp+2
  2628     013A  30BB               	movlw	187
  2629     013B  00AC               	movwf	??_set_temp+1
  2630     013C  30DF               	movlw	223
  2631     013D  00AB               	movwf	??_set_temp
  2632     013E                     u2917:
  2633     013E  0BAB               	decfsz	??_set_temp,f
  2634     013F  293E               	goto	u2917
  2635     0140  0BAC               	decfsz	??_set_temp+1,f
  2636     0141  293E               	goto	u2917
  2637     0142  0BAD               	decfsz	??_set_temp+2,f
  2638     0143  293E               	goto	u2917
  2639     0144                     l2743:
  2640                           
  2641                           ;micro_oven.c: 228:         RC1=0;
  2642     0144  1283               	bcf	3,5	;RP0=0, select bank0
  2643     0145  1303               	bcf	3,6	;RP1=0, select bank0
  2644     0146  1087               	bcf	7,1	;volatile
  2645                           
  2646                           ;micro_oven.c: 229:         _delay((unsigned long)((2000)*(20000000/4000.0)));
  2647     0147  3033               	movlw	51
  2648     0148  1283               	bcf	3,5	;RP0=0, select bank0
  2649     0149  1303               	bcf	3,6	;RP1=0, select bank0
  2650     014A  00AD               	movwf	??_set_temp+2
  2651     014B  30BB               	movlw	187
  2652     014C  00AC               	movwf	??_set_temp+1
  2653     014D  30DF               	movlw	223
  2654     014E  00AB               	movwf	??_set_temp
  2655     014F                     u2927:
  2656     014F  0BAB               	decfsz	??_set_temp,f
  2657     0150  294F               	goto	u2927
  2658     0151  0BAC               	decfsz	??_set_temp+1,f
  2659     0152  294F               	goto	u2927
  2660     0153  0BAD               	decfsz	??_set_temp+2,f
  2661     0154  294F               	goto	u2927
  2662     0155                     l2745:
  2663                           
  2664                           ;micro_oven.c: 230:         TMR2ON=0;
  2665     0155  1283               	bcf	3,5	;RP0=0, select bank0
  2666     0156  1303               	bcf	3,6	;RP1=0, select bank0
  2667     0157  1112               	bcf	18,2	;volatile
  2668     0158                     l2747:
  2669                           
  2670                           ;micro_oven.c: 231:         clear_screen();
  2671     0158  120A  158A  242B  120A  118A  	fcall	_clear_screen
  2672     015D                     l2749:
  2673                           
  2674                           ;micro_oven.c: 232:         screen_flag=0x30;
  2675     015D  3030               	movlw	48
  2676     015E  1283               	bcf	3,5	;RP0=0, select bank0
  2677     015F  1303               	bcf	3,6	;RP1=0, select bank0
  2678     0160  00C3               	movwf	_screen_flag
  2679     0161                     l2751:
  2680     0161                     l2753:
  2681                           
  2682                           ;micro_oven.c: 239:     if(display_blank)
  2683     0161  083A               	movf	set_temp@display_blank,w
  2684     0162  1903               	btfsc	3,2
  2685     0163  2965               	goto	u2771
  2686     0164  2966               	goto	u2770
  2687     0165                     u2771:
  2688     0165  2983               	goto	l2757
  2689     0166                     u2770:
  2690     0166                     l2755:
  2691                           
  2692                           ;micro_oven.c: 240:     {;micro_oven.c: 241:         clcd_putch(' ',(0xC0 + 7));
  2693     0166  30C7               	movlw	199
  2694     0167  00A8               	movwf	clcd_putch@addr
  2695     0168  3020               	movlw	32
  2696     0169  120A  158A  244F  120A  118A  	fcall	_clcd_putch
  2697                           
  2698                           ;micro_oven.c: 242:         clcd_putch(' ',(0xC0 + 8));
  2699     016E  30C8               	movlw	200
  2700     016F  1283               	bcf	3,5	;RP0=0, select bank0
  2701     0170  1303               	bcf	3,6	;RP1=0, select bank0
  2702     0171  00A8               	movwf	clcd_putch@addr
  2703     0172  3020               	movlw	32
  2704     0173  120A  158A  244F  120A  118A  	fcall	_clcd_putch
  2705                           
  2706                           ;micro_oven.c: 243:         clcd_putch(' ',(0xC0 + 9));
  2707     0178  30C9               	movlw	201
  2708     0179  1283               	bcf	3,5	;RP0=0, select bank0
  2709     017A  1303               	bcf	3,6	;RP1=0, select bank0
  2710     017B  00A8               	movwf	clcd_putch@addr
  2711     017C  3020               	movlw	32
  2712     017D  120A  158A  244F  120A  118A  	fcall	_clcd_putch
  2713                           
  2714                           ;micro_oven.c: 244:     }
  2715     0182  29DC               	goto	l288
  2716     0183                     l2757:
  2717                           
  2718                           ;micro_oven.c: 246:     {;micro_oven.c: 248:         clcd_putch((temp/100)+'0',(0xC0 + 7
      +                          ));
  2719     0183  30C7               	movlw	199
  2720     0184  00A8               	movwf	clcd_putch@addr
  2721     0185  3064               	movlw	100
  2722     0186  00F2               	movwf	___lwdiv@divisor
  2723     0187  3000               	movlw	0
  2724     0188  00F3               	movwf	___lwdiv@divisor+1
  2725     0189  0838               	movf	_temp+1,w
  2726     018A  00F5               	movwf	___lwdiv@dividend+1
  2727     018B  0837               	movf	_temp,w
  2728     018C  00F4               	movwf	___lwdiv@dividend
  2729     018D  120A  158A  25BB  120A  118A  	fcall	___lwdiv
  2730     0192  0872               	movf	?___lwdiv,w
  2731     0193  3E30               	addlw	48
  2732     0194  120A  158A  244F  120A  118A  	fcall	_clcd_putch
  2733                           
  2734                           ;micro_oven.c: 249:         clcd_putch((temp/10)%10+'0',(0xC0 + 8));
  2735     0199  30C8               	movlw	200
  2736     019A  1283               	bcf	3,5	;RP0=0, select bank0
  2737     019B  1303               	bcf	3,6	;RP1=0, select bank0
  2738     019C  00A8               	movwf	clcd_putch@addr
  2739     019D  300A               	movlw	10
  2740     019E  00A0               	movwf	___lwmod@divisor
  2741     019F  3000               	movlw	0
  2742     01A0  00A1               	movwf	___lwmod@divisor+1
  2743     01A1  300A               	movlw	10
  2744     01A2  00F2               	movwf	___lwdiv@divisor
  2745     01A3  3000               	movlw	0
  2746     01A4  00F3               	movwf	___lwdiv@divisor+1
  2747     01A5  0838               	movf	_temp+1,w
  2748     01A6  00F5               	movwf	___lwdiv@dividend+1
  2749     01A7  0837               	movf	_temp,w
  2750     01A8  00F4               	movwf	___lwdiv@dividend
  2751     01A9  120A  158A  25BB  120A  118A  	fcall	___lwdiv
  2752     01AE  0873               	movf	?___lwdiv+1,w
  2753     01AF  1283               	bcf	3,5	;RP0=0, select bank0
  2754     01B0  1303               	bcf	3,6	;RP1=0, select bank0
  2755     01B1  00A3               	movwf	___lwmod@dividend+1
  2756     01B2  0872               	movf	?___lwdiv,w
  2757     01B3  00A2               	movwf	___lwmod@dividend
  2758     01B4  120A  158A  2546  120A  118A  	fcall	___lwmod
  2759     01B9  1283               	bcf	3,5	;RP0=0, select bank0
  2760     01BA  1303               	bcf	3,6	;RP1=0, select bank0
  2761     01BB  0820               	movf	?___lwmod,w
  2762     01BC  3E30               	addlw	48
  2763     01BD  120A  158A  244F  120A  118A  	fcall	_clcd_putch
  2764                           
  2765                           ;micro_oven.c: 250:         clcd_putch(temp%10+'0',(0xC0 + 9));
  2766     01C2  30C9               	movlw	201
  2767     01C3  1283               	bcf	3,5	;RP0=0, select bank0
  2768     01C4  1303               	bcf	3,6	;RP1=0, select bank0
  2769     01C5  00A8               	movwf	clcd_putch@addr
  2770     01C6  300A               	movlw	10
  2771     01C7  00A0               	movwf	___lwmod@divisor
  2772     01C8  3000               	movlw	0
  2773     01C9  00A1               	movwf	___lwmod@divisor+1
  2774     01CA  0838               	movf	_temp+1,w
  2775     01CB  00A3               	movwf	___lwmod@dividend+1
  2776     01CC  0837               	movf	_temp,w
  2777     01CD  00A2               	movwf	___lwmod@dividend
  2778     01CE  120A  158A  2546  120A  118A  	fcall	___lwmod
  2779     01D3  1283               	bcf	3,5	;RP0=0, select bank0
  2780     01D4  1303               	bcf	3,6	;RP1=0, select bank0
  2781     01D5  0820               	movf	?___lwmod,w
  2782     01D6  3E30               	addlw	48
  2783     01D7  120A  158A  244F  120A  118A  	fcall	_clcd_putch
  2784     01DC                     l288:
  2785     01DC  0008               	return
  2786     01DD                     __end_of_set_temp:
  2787                           
  2788                           	psect	text4
  2789     0CBE                     __ptext4:	
  2790 ;; *************** function ___wmul *****************
  2791 ;; Defined at:
  2792 ;;		line 15 in file "C:\Program Files\Microchip\xc8\v3.10\pic\sources\c99\common\Umul16.c"
  2793 ;; Parameters:    Size  Location     Type
  2794 ;;  multiplier      2    2[COMMON] unsigned int 
  2795 ;;  multiplicand    2    4[COMMON] unsigned int 
  2796 ;; Auto vars:     Size  Location     Type
  2797 ;;  product         2    6[COMMON] unsigned int 
  2798 ;; Return value:  Size  Location     Type
  2799 ;;                  2    2[COMMON] unsigned int 
  2800 ;; Registers used:
  2801 ;;		wreg, status,2, status,0
  2802 ;; Tracked objects:
  2803 ;;		On entry : 0/0
  2804 ;;		On exit  : 0/0
  2805 ;;		Unchanged: 0/0
  2806 ;; Data sizes:     COMMON   BANK0   BANK1   BANK3   BANK2
  2807 ;;      Params:         4       0       0       0       0
  2808 ;;      Locals:         2       0       0       0       0
  2809 ;;      Temps:          0       0       0       0       0
  2810 ;;      Totals:         6       0       0       0       0
  2811 ;;Total ram usage:        6 bytes
  2812 ;; Hardware stack levels used: 1
  2813 ;; Hardware stack levels required when called: 1
  2814 ;; This function calls:
  2815 ;;		Nothing
  2816 ;; This function is called by:
  2817 ;;		_set_temp
  2818 ;; This function uses a non-reentrant model
  2819 ;;
  2820                           
  2821     0CBE                     ___wmul:	
  2822                           ;psect for function ___wmul
  2823                           
  2824     0CBE                     l1867:	
  2825                           ;incstack = 0
  2826                           ; Regs used in ___wmul: [wreg+status,2+status,0]
  2827                           
  2828     0CBE  01F6               	clrf	___wmul@product
  2829     0CBF  01F7               	clrf	___wmul@product+1
  2830     0CC0                     l1869:
  2831     0CC0  1C72               	btfss	___wmul@multiplier,0
  2832     0CC1  2CC3               	goto	u1281
  2833     0CC2  2CC4               	goto	u1280
  2834     0CC3                     u1281:
  2835     0CC3  2CCA               	goto	l405
  2836     0CC4                     u1280:
  2837     0CC4                     l1871:
  2838     0CC4  0874               	movf	___wmul@multiplicand,w
  2839     0CC5  07F6               	addwf	___wmul@product,f
  2840     0CC6  1803               	skipnc
  2841     0CC7  0AF7               	incf	___wmul@product+1,f
  2842     0CC8  0875               	movf	___wmul@multiplicand+1,w
  2843     0CC9  07F7               	addwf	___wmul@product+1,f
  2844     0CCA                     l405:
  2845     0CCA  3001               	movlw	1
  2846     0CCB                     u1295:
  2847     0CCB  1003               	clrc
  2848     0CCC  0DF4               	rlf	___wmul@multiplicand,f
  2849     0CCD  0DF5               	rlf	___wmul@multiplicand+1,f
  2850     0CCE  3EFF               	addlw	-1
  2851     0CCF  1D03               	skipz
  2852     0CD0  2CCB               	goto	u1295
  2853     0CD1                     l1873:
  2854     0CD1  3001               	movlw	1
  2855     0CD2                     u1305:
  2856     0CD2  1003               	clrc
  2857     0CD3  0CF3               	rrf	___wmul@multiplier+1,f
  2858     0CD4  0CF2               	rrf	___wmul@multiplier,f
  2859     0CD5  3EFF               	addlw	-1
  2860     0CD6  1D03               	skipz
  2861     0CD7  2CD2               	goto	u1305
  2862     0CD8                     l1875:
  2863     0CD8  0872               	movf	___wmul@multiplier,w
  2864     0CD9  0473               	iorwf	___wmul@multiplier+1,w
  2865     0CDA  1D03               	btfss	3,2
  2866     0CDB  2CDD               	goto	u1311
  2867     0CDC  2CDE               	goto	u1310
  2868     0CDD                     u1311:
  2869     0CDD  2CC0               	goto	l1869
  2870     0CDE                     u1310:
  2871     0CDE                     l1877:
  2872     0CDE  0877               	movf	___wmul@product+1,w
  2873     0CDF  00F3               	movwf	?___wmul+1
  2874     0CE0  0876               	movf	___wmul@product,w
  2875     0CE1  00F2               	movwf	?___wmul
  2876     0CE2                     l407:
  2877     0CE2  0008               	return
  2878     0CE3                     __end_of___wmul:
  2879                           
  2880                           	psect	text5
  2881     0D46                     __ptext5:	
  2882 ;; *************** function ___lwmod *****************
  2883 ;; Defined at:
  2884 ;;		line 5 in file "C:\Program Files\Microchip\xc8\v3.10\pic\sources\c99\common\lwmod.c"
  2885 ;; Parameters:    Size  Location     Type
  2886 ;;  divisor         2    0[BANK0 ] unsigned int 
  2887 ;;  dividend        2    2[BANK0 ] unsigned int 
  2888 ;; Auto vars:     Size  Location     Type
  2889 ;;  counter         1    4[BANK0 ] unsigned char 
  2890 ;; Return value:  Size  Location     Type
  2891 ;;                  2    0[BANK0 ] unsigned int 
  2892 ;; Registers used:
  2893 ;;		wreg, status,2, status,0
  2894 ;; Tracked objects:
  2895 ;;		On entry : 0/0
  2896 ;;		On exit  : 0/0
  2897 ;;		Unchanged: 0/0
  2898 ;; Data sizes:     COMMON   BANK0   BANK1   BANK3   BANK2
  2899 ;;      Params:         0       4       0       0       0
  2900 ;;      Locals:         0       1       0       0       0
  2901 ;;      Temps:          0       0       0       0       0
  2902 ;;      Totals:         0       5       0       0       0
  2903 ;;Total ram usage:        5 bytes
  2904 ;; Hardware stack levels used: 1
  2905 ;; Hardware stack levels required when called: 1
  2906 ;; This function calls:
  2907 ;;		Nothing
  2908 ;; This function is called by:
  2909 ;;		_set_temp
  2910 ;; This function uses a non-reentrant model
  2911 ;;
  2912                           
  2913     0D46                     ___lwmod:	
  2914                           ;psect for function ___lwmod
  2915                           
  2916     0D46                     l2549:	
  2917                           ;incstack = 0
  2918                           ; Regs used in ___lwmod: [wreg+status,2+status,0]
  2919                           
  2920     0D46  1283               	bcf	3,5	;RP0=0, select bank0
  2921     0D47  1303               	bcf	3,6	;RP1=0, select bank0
  2922     0D48  0820               	movf	___lwmod@divisor,w
  2923     0D49  0421               	iorwf	___lwmod@divisor+1,w
  2924     0D4A  1903               	btfsc	3,2
  2925     0D4B  2D4D               	goto	u2421
  2926     0D4C  2D4E               	goto	u2420
  2927     0D4D                     u2421:
  2928     0D4D  2D7B               	goto	l2567
  2929     0D4E                     u2420:
  2930     0D4E                     l2551:
  2931     0D4E  3001               	movlw	1
  2932     0D4F  00A4               	movwf	___lwmod@counter
  2933     0D50  2D5A               	goto	l2557
  2934     0D51                     l2553:
  2935     0D51  3001               	movlw	1
  2936     0D52                     u2435:
  2937     0D52  1003               	clrc
  2938     0D53  0DA0               	rlf	___lwmod@divisor,f
  2939     0D54  0DA1               	rlf	___lwmod@divisor+1,f
  2940     0D55  3EFF               	addlw	-1
  2941     0D56  1D03               	skipz
  2942     0D57  2D52               	goto	u2435
  2943     0D58                     l2555:
  2944     0D58  3001               	movlw	1
  2945     0D59  07A4               	addwf	___lwmod@counter,f
  2946     0D5A                     l2557:
  2947     0D5A  1FA1               	btfss	___lwmod@divisor+1,7
  2948     0D5B  2D5D               	goto	u2441
  2949     0D5C  2D5E               	goto	u2440
  2950     0D5D                     u2441:
  2951     0D5D  2D51               	goto	l2553
  2952     0D5E                     u2440:
  2953     0D5E                     l2559:
  2954     0D5E  0821               	movf	___lwmod@divisor+1,w
  2955     0D5F  0223               	subwf	___lwmod@dividend+1,w
  2956     0D60  1D03               	skipz
  2957     0D61  2D64               	goto	u2455
  2958     0D62  0820               	movf	___lwmod@divisor,w
  2959     0D63  0222               	subwf	___lwmod@dividend,w
  2960     0D64                     u2455:
  2961     0D64  1C03               	skipc
  2962     0D65  2D67               	goto	u2451
  2963     0D66  2D68               	goto	u2450
  2964     0D67                     u2451:
  2965     0D67  2D6E               	goto	l2563
  2966     0D68                     u2450:
  2967     0D68                     l2561:
  2968     0D68  0820               	movf	___lwmod@divisor,w
  2969     0D69  02A2               	subwf	___lwmod@dividend,f
  2970     0D6A  0821               	movf	___lwmod@divisor+1,w
  2971     0D6B  1C03               	skipc
  2972     0D6C  03A3               	decf	___lwmod@dividend+1,f
  2973     0D6D  02A3               	subwf	___lwmod@dividend+1,f
  2974     0D6E                     l2563:
  2975     0D6E  3001               	movlw	1
  2976     0D6F                     u2465:
  2977     0D6F  1003               	clrc
  2978     0D70  0CA1               	rrf	___lwmod@divisor+1,f
  2979     0D71  0CA0               	rrf	___lwmod@divisor,f
  2980     0D72  3EFF               	addlw	-1
  2981     0D73  1D03               	skipz
  2982     0D74  2D6F               	goto	u2465
  2983     0D75                     l2565:
  2984     0D75  3001               	movlw	1
  2985     0D76  02A4               	subwf	___lwmod@counter,f
  2986     0D77  1D03               	btfss	3,2
  2987     0D78  2D7A               	goto	u2471
  2988     0D79  2D7B               	goto	u2470
  2989     0D7A                     u2471:
  2990     0D7A  2D5E               	goto	l2559
  2991     0D7B                     u2470:
  2992     0D7B                     l2567:
  2993     0D7B  0823               	movf	___lwmod@dividend+1,w
  2994     0D7C  00A1               	movwf	?___lwmod+1
  2995     0D7D  0822               	movf	___lwmod@dividend,w
  2996     0D7E  00A0               	movwf	?___lwmod
  2997     0D7F                     l695:
  2998     0D7F  0008               	return
  2999     0D80                     __end_of___lwmod:
  3000                           
  3001                           	psect	text6
  3002     0DBB                     __ptext6:	
  3003 ;; *************** function ___lwdiv *****************
  3004 ;; Defined at:
  3005 ;;		line 5 in file "C:\Program Files\Microchip\xc8\v3.10\pic\sources\c99\common\lwdiv.c"
  3006 ;; Parameters:    Size  Location     Type
  3007 ;;  divisor         2    2[COMMON] unsigned int 
  3008 ;;  dividend        2    4[COMMON] unsigned int 
  3009 ;; Auto vars:     Size  Location     Type
  3010 ;;  quotient        2    6[COMMON] unsigned int 
  3011 ;;  counter         1    8[COMMON] unsigned char 
  3012 ;; Return value:  Size  Location     Type
  3013 ;;                  2    2[COMMON] unsigned int 
  3014 ;; Registers used:
  3015 ;;		wreg, status,2, status,0
  3016 ;; Tracked objects:
  3017 ;;		On entry : 0/0
  3018 ;;		On exit  : 0/0
  3019 ;;		Unchanged: 0/0
  3020 ;; Data sizes:     COMMON   BANK0   BANK1   BANK3   BANK2
  3021 ;;      Params:         4       0       0       0       0
  3022 ;;      Locals:         3       0       0       0       0
  3023 ;;      Temps:          0       0       0       0       0
  3024 ;;      Totals:         7       0       0       0       0
  3025 ;;Total ram usage:        7 bytes
  3026 ;; Hardware stack levels used: 1
  3027 ;; Hardware stack levels required when called: 1
  3028 ;; This function calls:
  3029 ;;		Nothing
  3030 ;; This function is called by:
  3031 ;;		_set_temp
  3032 ;; This function uses a non-reentrant model
  3033 ;;
  3034                           
  3035     0DBB                     ___lwdiv:	
  3036                           ;psect for function ___lwdiv
  3037                           
  3038     0DBB                     l1963:	
  3039                           ;incstack = 0
  3040                           ; Regs used in ___lwdiv: [wreg+status,2+status,0]
  3041                           
  3042     0DBB  01F6               	clrf	___lwdiv@quotient
  3043     0DBC  01F7               	clrf	___lwdiv@quotient+1
  3044     0DBD                     l1965:
  3045     0DBD  0872               	movf	___lwdiv@divisor,w
  3046     0DBE  0473               	iorwf	___lwdiv@divisor+1,w
  3047     0DBF  1903               	btfsc	3,2
  3048     0DC0  2DC2               	goto	u1511
  3049     0DC1  2DC3               	goto	u1510
  3050     0DC2                     u1511:
  3051     0DC2  2DF8               	goto	l1985
  3052     0DC3                     u1510:
  3053     0DC3                     l1967:
  3054     0DC3  3001               	movlw	1
  3055     0DC4  00F8               	movwf	___lwdiv@counter
  3056     0DC5  2DCF               	goto	l1973
  3057     0DC6                     l1969:
  3058     0DC6  3001               	movlw	1
  3059     0DC7                     u1525:
  3060     0DC7  1003               	clrc
  3061     0DC8  0DF2               	rlf	___lwdiv@divisor,f
  3062     0DC9  0DF3               	rlf	___lwdiv@divisor+1,f
  3063     0DCA  3EFF               	addlw	-1
  3064     0DCB  1D03               	skipz
  3065     0DCC  2DC7               	goto	u1525
  3066     0DCD                     l1971:
  3067     0DCD  3001               	movlw	1
  3068     0DCE  07F8               	addwf	___lwdiv@counter,f
  3069     0DCF                     l1973:
  3070     0DCF  1FF3               	btfss	___lwdiv@divisor+1,7
  3071     0DD0  2DD2               	goto	u1531
  3072     0DD1  2DD3               	goto	u1530
  3073     0DD2                     u1531:
  3074     0DD2  2DC6               	goto	l1969
  3075     0DD3                     u1530:
  3076     0DD3                     l1975:
  3077     0DD3  3001               	movlw	1
  3078     0DD4                     u1545:
  3079     0DD4  1003               	clrc
  3080     0DD5  0DF6               	rlf	___lwdiv@quotient,f
  3081     0DD6  0DF7               	rlf	___lwdiv@quotient+1,f
  3082     0DD7  3EFF               	addlw	-1
  3083     0DD8  1D03               	skipz
  3084     0DD9  2DD4               	goto	u1545
  3085     0DDA  0873               	movf	___lwdiv@divisor+1,w
  3086     0DDB  0275               	subwf	___lwdiv@dividend+1,w
  3087     0DDC  1D03               	skipz
  3088     0DDD  2DE0               	goto	u1555
  3089     0DDE  0872               	movf	___lwdiv@divisor,w
  3090     0DDF  0274               	subwf	___lwdiv@dividend,w
  3091     0DE0                     u1555:
  3092     0DE0  1C03               	skipc
  3093     0DE1  2DE3               	goto	u1551
  3094     0DE2  2DE4               	goto	u1550
  3095     0DE3                     u1551:
  3096     0DE3  2DEB               	goto	l1981
  3097     0DE4                     u1550:
  3098     0DE4                     l1977:
  3099     0DE4  0872               	movf	___lwdiv@divisor,w
  3100     0DE5  02F4               	subwf	___lwdiv@dividend,f
  3101     0DE6  0873               	movf	___lwdiv@divisor+1,w
  3102     0DE7  1C03               	skipc
  3103     0DE8  03F5               	decf	___lwdiv@dividend+1,f
  3104     0DE9  02F5               	subwf	___lwdiv@dividend+1,f
  3105     0DEA                     l1979:
  3106     0DEA  1476               	bsf	___lwdiv@quotient,0
  3107     0DEB                     l1981:
  3108     0DEB  3001               	movlw	1
  3109     0DEC                     u1565:
  3110     0DEC  1003               	clrc
  3111     0DED  0CF3               	rrf	___lwdiv@divisor+1,f
  3112     0DEE  0CF2               	rrf	___lwdiv@divisor,f
  3113     0DEF  3EFF               	addlw	-1
  3114     0DF0  1D03               	skipz
  3115     0DF1  2DEC               	goto	u1565
  3116     0DF2                     l1983:
  3117     0DF2  3001               	movlw	1
  3118     0DF3  02F8               	subwf	___lwdiv@counter,f
  3119     0DF4  1D03               	btfss	3,2
  3120     0DF5  2DF7               	goto	u1571
  3121     0DF6  2DF8               	goto	u1570
  3122     0DF7                     u1571:
  3123     0DF7  2DD3               	goto	l1975
  3124     0DF8                     u1570:
  3125     0DF8                     l1985:
  3126     0DF8  0877               	movf	___lwdiv@quotient+1,w
  3127     0DF9  00F3               	movwf	?___lwdiv+1
  3128     0DFA  0876               	movf	___lwdiv@quotient,w
  3129     0DFB  00F2               	movwf	?___lwdiv
  3130     0DFC                     l685:
  3131     0DFC  0008               	return
  3132     0DFD                     __end_of___lwdiv:
  3133                           
  3134                           	psect	text7
  3135     0C9B                     __ptext7:	
  3136 ;; *************** function _read_matrix_keypad *****************
  3137 ;; Defined at:
  3138 ;;		line 127 in file "matrix_keypad.c"
  3139 ;; Parameters:    Size  Location     Type
  3140 ;;  mode            1    wreg     unsigned char 
  3141 ;; Auto vars:     Size  Location     Type
  3142 ;;  mode            1    7[COMMON] unsigned char 
  3143 ;;  key             1    8[COMMON] unsigned char 
  3144 ;; Return value:  Size  Location     Type
  3145 ;;                  1    wreg      unsigned char 
  3146 ;; Registers used:
  3147 ;;		wreg, status,2, status,0, pclath, btemp1, cstack
  3148 ;; Tracked objects:
  3149 ;;		On entry : 0/0
  3150 ;;		On exit  : 0/0
  3151 ;;		Unchanged: 0/0
  3152 ;; Data sizes:     COMMON   BANK0   BANK1   BANK3   BANK2
  3153 ;;      Params:         0       0       0       0       0
  3154 ;;      Locals:         2       0       0       0       0
  3155 ;;      Temps:          0       0       0       0       0
  3156 ;;      Totals:         2       0       0       0       0
  3157 ;;Total ram usage:        2 bytes
  3158 ;; Hardware stack levels used: 1
  3159 ;; Hardware stack levels required when called: 3
  3160 ;; This function calls:
  3161 ;;		_scan_keypad
  3162 ;; This function is called by:
  3163 ;;		_main
  3164 ;; This function uses a non-reentrant model
  3165 ;;
  3166                           
  3167     0C9B                     _read_matrix_keypad:	
  3168                           ;psect for function _read_matrix_keypad
  3169                           
  3170                           
  3171                           ;incstack = 0
  3172                           ; Regs used in _read_matrix_keypad: [wreg+status,2+status,0+pclath+btemp1+cstack]
  3173                           ;read_matrix_keypad@mode stored from wreg
  3174     0C9B  00F7               	movwf	read_matrix_keypad@mode
  3175     0C9C                     l2023:
  3176                           
  3177                           ;matrix_keypad.c: 127: unsigned char read_matrix_keypad(unsigned char mode);matrix_keypa
      +                          d.c: 128: {;matrix_keypad.c: 129:     static unsigned char once = 1;;matrix_keypad.c: 13
      +                          0:     unsigned char key;;matrix_keypad.c: 132:     key = scan_keypad();
  3178     0C9C  120A  158A  25FD  120A  158A  	fcall	_scan_keypad
  3179     0CA1  00F8               	movwf	read_matrix_keypad@key
  3180     0CA2                     l2025:
  3181                           
  3182                           ;matrix_keypad.c: 134:     if (mode == 0)
  3183     0CA2  0877               	movf	read_matrix_keypad@mode,w
  3184     0CA3  1D03               	btfss	3,2
  3185     0CA4  2CA6               	goto	u1641
  3186     0CA5  2CA7               	goto	u1640
  3187     0CA6                     u1641:
  3188     0CA6  2CA9               	goto	l2033
  3189     0CA7                     u1640:
  3190     0CA7                     l2027:
  3191                           
  3192                           ;matrix_keypad.c: 135:     {;matrix_keypad.c: 136:         return key;
  3193     0CA7  0878               	movf	read_matrix_keypad@key,w
  3194     0CA8  2CBD               	goto	l182
  3195     0CA9                     l2033:
  3196                           
  3197                           ;matrix_keypad.c: 139:     {;matrix_keypad.c: 140:         if ((key != 0xFF) && once)
  3198     0CA9  0A78               	incf	read_matrix_keypad@key,w
  3199     0CAA  1903               	btfsc	3,2
  3200     0CAB  2CAD               	goto	u1651
  3201     0CAC  2CAE               	goto	u1650
  3202     0CAD                     u1651:
  3203     0CAD  2CB5               	goto	l2045
  3204     0CAE                     u1650:
  3205     0CAE                     l2035:
  3206     0CAE  087B               	movf	read_matrix_keypad@once,w
  3207     0CAF  1903               	btfsc	3,2
  3208     0CB0  2CB2               	goto	u1661
  3209     0CB1  2CB3               	goto	u1660
  3210     0CB2                     u1661:
  3211     0CB2  2CB5               	goto	l2045
  3212     0CB3                     u1660:
  3213     0CB3                     l2037:
  3214                           
  3215                           ;matrix_keypad.c: 141:         {;matrix_keypad.c: 142:             once = 0;
  3216     0CB3  01FB               	clrf	read_matrix_keypad@once
  3217     0CB4  2CA7               	goto	l2027
  3218     0CB5                     l2045:
  3219     0CB5  0A78               	incf	read_matrix_keypad@key,w
  3220     0CB6  1D03               	btfss	3,2
  3221     0CB7  2CB9               	goto	u1671
  3222     0CB8  2CBA               	goto	u1670
  3223     0CB9                     u1671:
  3224     0CB9  2CBC               	goto	l2049
  3225     0CBA                     u1670:
  3226     0CBA                     l2047:
  3227                           
  3228                           ;matrix_keypad.c: 147:         {;matrix_keypad.c: 148:             once = 1;
  3229     0CBA  3001               	movlw	1
  3230     0CBB  00FB               	movwf	read_matrix_keypad@once
  3231     0CBC                     l2049:
  3232                           
  3233                           ;matrix_keypad.c: 152:     return 0xFF;
  3234     0CBC  30FF               	movlw	255
  3235     0CBD                     l182:
  3236     0CBD  0008               	return
  3237     0CBE                     __end_of_read_matrix_keypad:
  3238                           
  3239                           	psect	text8
  3240     0DFD                     __ptext8:	
  3241 ;; *************** function _scan_keypad *****************
  3242 ;; Defined at:
  3243 ;;		line 25 in file "matrix_keypad.c"
  3244 ;; Parameters:    Size  Location     Type
  3245 ;;		None
  3246 ;; Auto vars:     Size  Location     Type
  3247 ;;  i               2    5[COMMON] int 
  3248 ;; Return value:  Size  Location     Type
  3249 ;;                  1    wreg      unsigned char 
  3250 ;; Registers used:
  3251 ;;		wreg, status,2, status,0, pclath, btemp1, cstack
  3252 ;; Tracked objects:
  3253 ;;		On entry : 0/0
  3254 ;;		On exit  : 0/0
  3255 ;;		Unchanged: 0/0
  3256 ;; Data sizes:     COMMON   BANK0   BANK1   BANK3   BANK2
  3257 ;;      Params:         0       0       0       0       0
  3258 ;;      Locals:         2       0       0       0       0
  3259 ;;      Temps:          0       0       0       0       0
  3260 ;;      Totals:         2       0       0       0       0
  3261 ;;Total ram usage:        2 bytes
  3262 ;; Hardware stack levels used: 1
  3263 ;; Hardware stack levels required when called: 2
  3264 ;; This function calls:
  3265 ;;		_alarm
  3266 ;; This function is called by:
  3267 ;;		_read_matrix_keypad
  3268 ;; This function uses a non-reentrant model
  3269 ;;
  3270                           
  3271     0DFD                     _scan_keypad:	
  3272                           ;psect for function _scan_keypad
  3273                           
  3274     0DFD                     l1739:	
  3275                           ;incstack = 0
  3276                           ; Regs used in _scan_keypad: [wreg+status,2+status,0+pclath+btemp1+cstack]
  3277                           
  3278                           
  3279                           ;matrix_keypad.c: 27:     int i;;matrix_keypad.c: 29:     RD3 = 0;
  3280     0DFD  1283               	bcf	3,5	;RP0=0, select bank0
  3281     0DFE  1303               	bcf	3,6	;RP1=0, select bank0
  3282     0DFF  1188               	bcf	8,3	;volatile
  3283                           
  3284                           ;matrix_keypad.c: 30:     RD2 = 1;
  3285     0E00  1508               	bsf	8,2	;volatile
  3286                           
  3287                           ;matrix_keypad.c: 31:     RD1 = 1;
  3288     0E01  1488               	bsf	8,1	;volatile
  3289                           
  3290                           ;matrix_keypad.c: 32:     RD0 = 1;
  3291     0E02  1408               	bsf	8,0	;volatile
  3292     0E03                     l1741:
  3293                           
  3294                           ;matrix_keypad.c: 34:     for (i = 100; i--; );
  3295     0E03  3064               	movlw	100
  3296     0E04  00F5               	movwf	scan_keypad@i
  3297     0E05  3000               	movlw	0
  3298     0E06  00F6               	movwf	scan_keypad@i+1
  3299     0E07                     l1743:
  3300     0E07  30FF               	movlw	255
  3301     0E08  07F5               	addwf	scan_keypad@i,f
  3302     0E09  1803               	skipnc
  3303     0E0A  0AF6               	incf	scan_keypad@i+1,f
  3304     0E0B  30FF               	movlw	255
  3305     0E0C  07F6               	addwf	scan_keypad@i+1,f
  3306     0E0D  0A75               	incf	scan_keypad@i,w
  3307     0E0E  1D03               	skipz
  3308     0E0F  2E14               	goto	u1121
  3309     0E10  0A76               	incf	scan_keypad@i+1,w
  3310     0E11  1D03               	btfss	3,2
  3311     0E12  2E14               	goto	u1121
  3312     0E13  2E15               	goto	u1120
  3313     0E14                     u1121:
  3314     0E14  2E07               	goto	l1743
  3315     0E15                     u1120:
  3316     0E15                     l149:
  3317                           
  3318                           ;matrix_keypad.c: 36:     if (RB0 == 0)
  3319     0E15  1283               	bcf	3,5	;RP0=0, select bank0
  3320     0E16  1303               	bcf	3,6	;RP1=0, select bank0
  3321     0E17  1806               	btfsc	6,0	;volatile
  3322     0E18  2E1A               	goto	u1131
  3323     0E19  2E1B               	goto	u1130
  3324     0E1A                     u1131:
  3325     0E1A  2E22               	goto	l150
  3326     0E1B                     u1130:
  3327     0E1B                     l1745:
  3328                           
  3329                           ;matrix_keypad.c: 37:     {;matrix_keypad.c: 38:         alarm();
  3330     0E1B  120A  158A  247A  120A  158A  	fcall	_alarm
  3331     0E20                     l1747:
  3332                           
  3333                           ;matrix_keypad.c: 39:         return 1;
  3334     0E20  3001               	movlw	1
  3335     0E21  2EF3               	goto	l151
  3336     0E22                     l150:	
  3337                           ;matrix_keypad.c: 41:     else if (RB1 == 0)
  3338                           
  3339     0E22  1886               	btfsc	6,1	;volatile
  3340     0E23  2E25               	goto	u1141
  3341     0E24  2E26               	goto	u1140
  3342     0E25                     u1141:
  3343     0E25  2E2D               	goto	l153
  3344     0E26                     u1140:
  3345     0E26                     l1753:
  3346                           
  3347                           ;matrix_keypad.c: 42:     {;matrix_keypad.c: 43:         alarm();
  3348     0E26  120A  158A  247A  120A  158A  	fcall	_alarm
  3349     0E2B                     l1755:
  3350                           
  3351                           ;matrix_keypad.c: 44:         return 2;
  3352     0E2B  3002               	movlw	2
  3353     0E2C  2EF3               	goto	l151
  3354     0E2D                     l153:	
  3355                           ;matrix_keypad.c: 46:     else if (RB2 == 0)
  3356                           
  3357     0E2D  1906               	btfsc	6,2	;volatile
  3358     0E2E  2E30               	goto	u1151
  3359     0E2F  2E31               	goto	u1150
  3360     0E30                     u1151:
  3361     0E30  2E38               	goto	l152
  3362     0E31                     u1150:
  3363     0E31                     l1761:
  3364                           
  3365                           ;matrix_keypad.c: 47:     {;matrix_keypad.c: 48:         alarm();
  3366     0E31  120A  158A  247A  120A  158A  	fcall	_alarm
  3367     0E36                     l1763:
  3368                           
  3369                           ;matrix_keypad.c: 49:         return 3;
  3370     0E36  3003               	movlw	3
  3371     0E37  2EF3               	goto	l151
  3372     0E38                     l152:
  3373                           
  3374                           ;matrix_keypad.c: 52:     RD3 = 1;
  3375     0E38  1588               	bsf	8,3	;volatile
  3376                           
  3377                           ;matrix_keypad.c: 53:     RD2 = 0;
  3378     0E39  1108               	bcf	8,2	;volatile
  3379                           
  3380                           ;matrix_keypad.c: 54:     RD1 = 1;
  3381     0E3A  1488               	bsf	8,1	;volatile
  3382                           
  3383                           ;matrix_keypad.c: 55:     RD0 = 1;
  3384     0E3B  1408               	bsf	8,0	;volatile
  3385     0E3C                     l1767:
  3386                           
  3387                           ;matrix_keypad.c: 57:    for (i = 100; i > 0; i--)
  3388     0E3C  3064               	movlw	100
  3389     0E3D  00F5               	movwf	scan_keypad@i
  3390     0E3E  3000               	movlw	0
  3391     0E3F  00F6               	movwf	scan_keypad@i+1
  3392     0E40                     l1773:
  3393                           
  3394                           ;matrix_keypad.c: 58:    {;matrix_keypad.c: 60:    }
  3395     0E40  30FF               	movlw	255
  3396     0E41  07F5               	addwf	scan_keypad@i,f
  3397     0E42  1803               	skipnc
  3398     0E43  0AF6               	incf	scan_keypad@i+1,f
  3399     0E44  30FF               	movlw	255
  3400     0E45  07F6               	addwf	scan_keypad@i+1,f
  3401     0E46                     l1775:
  3402     0E46  0876               	movf	scan_keypad@i+1,w
  3403     0E47  3A80               	xorlw	128
  3404     0E48  00FF               	movwf	btemp1
  3405     0E49  3080               	movlw	128
  3406     0E4A  027F               	subwf	btemp1,w
  3407     0E4B  1D03               	skipz
  3408     0E4C  2E4F               	goto	u1165
  3409     0E4D  3001               	movlw	1
  3410     0E4E  0275               	subwf	scan_keypad@i,w
  3411     0E4F                     u1165:
  3412     0E4F  1803               	skipnc
  3413     0E50  2E52               	goto	u1161
  3414     0E51  2E53               	goto	u1160
  3415     0E52                     u1161:
  3416     0E52  2E40               	goto	l1773
  3417     0E53                     u1160:
  3418     0E53                     l157:
  3419                           
  3420                           ;matrix_keypad.c: 62:     if (RB0 == 0)
  3421     0E53  1283               	bcf	3,5	;RP0=0, select bank0
  3422     0E54  1303               	bcf	3,6	;RP1=0, select bank0
  3423     0E55  1806               	btfsc	6,0	;volatile
  3424     0E56  2E58               	goto	u1171
  3425     0E57  2E59               	goto	u1170
  3426     0E58                     u1171:
  3427     0E58  2E60               	goto	l158
  3428     0E59                     u1170:
  3429     0E59                     l1777:
  3430                           
  3431                           ;matrix_keypad.c: 63:     {;matrix_keypad.c: 64:         alarm();
  3432     0E59  120A  158A  247A  120A  158A  	fcall	_alarm
  3433     0E5E                     l1779:
  3434                           
  3435                           ;matrix_keypad.c: 65:         return 4;
  3436     0E5E  3004               	movlw	4
  3437     0E5F  2EF3               	goto	l151
  3438     0E60                     l158:	
  3439                           ;matrix_keypad.c: 67:     else if (RB1 == 0)
  3440                           
  3441     0E60  1886               	btfsc	6,1	;volatile
  3442     0E61  2E63               	goto	u1181
  3443     0E62  2E64               	goto	u1180
  3444     0E63                     u1181:
  3445     0E63  2E6B               	goto	l160
  3446     0E64                     u1180:
  3447     0E64                     l1785:
  3448                           
  3449                           ;matrix_keypad.c: 68:     {;matrix_keypad.c: 69:         alarm();
  3450     0E64  120A  158A  247A  120A  158A  	fcall	_alarm
  3451     0E69                     l1787:
  3452                           
  3453                           ;matrix_keypad.c: 70:         return 5;
  3454     0E69  3005               	movlw	5
  3455     0E6A  2EF3               	goto	l151
  3456     0E6B                     l160:	
  3457                           ;matrix_keypad.c: 72:     else if (RB2 == 0)
  3458                           
  3459     0E6B  1906               	btfsc	6,2	;volatile
  3460     0E6C  2E6E               	goto	u1191
  3461     0E6D  2E6F               	goto	u1190
  3462     0E6E                     u1191:
  3463     0E6E  2E76               	goto	l159
  3464     0E6F                     u1190:
  3465     0E6F                     l1793:
  3466                           
  3467                           ;matrix_keypad.c: 73:     {;matrix_keypad.c: 74:         alarm();
  3468     0E6F  120A  158A  247A  120A  158A  	fcall	_alarm
  3469     0E74                     l1795:
  3470                           
  3471                           ;matrix_keypad.c: 75:         return 6;
  3472     0E74  3006               	movlw	6
  3473     0E75  2EF3               	goto	l151
  3474     0E76                     l159:
  3475                           
  3476                           ;matrix_keypad.c: 78:     RD3 = 1;
  3477     0E76  1588               	bsf	8,3	;volatile
  3478                           
  3479                           ;matrix_keypad.c: 79:     RD2 = 1;
  3480     0E77  1508               	bsf	8,2	;volatile
  3481                           
  3482                           ;matrix_keypad.c: 80:     RD1 = 0;
  3483     0E78  1088               	bcf	8,1	;volatile
  3484                           
  3485                           ;matrix_keypad.c: 81:     RD0 = 1;
  3486     0E79  1408               	bsf	8,0	;volatile
  3487     0E7A                     l1799:
  3488                           
  3489                           ;matrix_keypad.c: 83:     for (i = 100; i > 0; i--);
  3490     0E7A  3064               	movlw	100
  3491     0E7B  00F5               	movwf	scan_keypad@i
  3492     0E7C  3000               	movlw	0
  3493     0E7D  00F6               	movwf	scan_keypad@i+1
  3494     0E7E                     l1805:
  3495     0E7E  30FF               	movlw	255
  3496     0E7F  07F5               	addwf	scan_keypad@i,f
  3497     0E80  1803               	skipnc
  3498     0E81  0AF6               	incf	scan_keypad@i+1,f
  3499     0E82  30FF               	movlw	255
  3500     0E83  07F6               	addwf	scan_keypad@i+1,f
  3501     0E84                     l1807:
  3502     0E84  0876               	movf	scan_keypad@i+1,w
  3503     0E85  3A80               	xorlw	128
  3504     0E86  00FF               	movwf	btemp1
  3505     0E87  3080               	movlw	128
  3506     0E88  027F               	subwf	btemp1,w
  3507     0E89  1D03               	skipz
  3508     0E8A  2E8D               	goto	u1205
  3509     0E8B  3001               	movlw	1
  3510     0E8C  0275               	subwf	scan_keypad@i,w
  3511     0E8D                     u1205:
  3512     0E8D  1803               	skipnc
  3513     0E8E  2E90               	goto	u1201
  3514     0E8F  2E91               	goto	u1200
  3515     0E90                     u1201:
  3516     0E90  2E7E               	goto	l1805
  3517     0E91                     u1200:
  3518     0E91                     l164:
  3519                           
  3520                           ;matrix_keypad.c: 85:     if (RB0 == 0)
  3521     0E91  1283               	bcf	3,5	;RP0=0, select bank0
  3522     0E92  1303               	bcf	3,6	;RP1=0, select bank0
  3523     0E93  1806               	btfsc	6,0	;volatile
  3524     0E94  2E96               	goto	u1211
  3525     0E95  2E97               	goto	u1210
  3526     0E96                     u1211:
  3527     0E96  2E9E               	goto	l165
  3528     0E97                     u1210:
  3529     0E97                     l1809:
  3530                           
  3531                           ;matrix_keypad.c: 86:     {;matrix_keypad.c: 87:         alarm();
  3532     0E97  120A  158A  247A  120A  158A  	fcall	_alarm
  3533     0E9C                     l1811:
  3534                           
  3535                           ;matrix_keypad.c: 88:         return 7;
  3536     0E9C  3007               	movlw	7
  3537     0E9D  2EF3               	goto	l151
  3538     0E9E                     l165:	
  3539                           ;matrix_keypad.c: 90:     else if (RB1 == 0)
  3540                           
  3541     0E9E  1886               	btfsc	6,1	;volatile
  3542     0E9F  2EA1               	goto	u1221
  3543     0EA0  2EA2               	goto	u1220
  3544     0EA1                     u1221:
  3545     0EA1  2EA9               	goto	l167
  3546     0EA2                     u1220:
  3547     0EA2                     l1817:
  3548                           
  3549                           ;matrix_keypad.c: 91:     {;matrix_keypad.c: 92:         alarm();
  3550     0EA2  120A  158A  247A  120A  158A  	fcall	_alarm
  3551     0EA7                     l1819:
  3552                           
  3553                           ;matrix_keypad.c: 93:         return 8;
  3554     0EA7  3008               	movlw	8
  3555     0EA8  2EF3               	goto	l151
  3556     0EA9                     l167:	
  3557                           ;matrix_keypad.c: 95:     else if (RB2 == 0)
  3558                           
  3559     0EA9  1906               	btfsc	6,2	;volatile
  3560     0EAA  2EAC               	goto	u1231
  3561     0EAB  2EAD               	goto	u1230
  3562     0EAC                     u1231:
  3563     0EAC  2EB4               	goto	l166
  3564     0EAD                     u1230:
  3565     0EAD                     l1825:
  3566                           
  3567                           ;matrix_keypad.c: 96:     {;matrix_keypad.c: 97:         alarm();
  3568     0EAD  120A  158A  247A  120A  158A  	fcall	_alarm
  3569     0EB2                     l1827:
  3570                           
  3571                           ;matrix_keypad.c: 98:         return 9;
  3572     0EB2  3009               	movlw	9
  3573     0EB3  2EF3               	goto	l151
  3574     0EB4                     l166:
  3575                           
  3576                           ;matrix_keypad.c: 101:     RD3 = 1;
  3577     0EB4  1588               	bsf	8,3	;volatile
  3578                           
  3579                           ;matrix_keypad.c: 102:     RD2 = 1;
  3580     0EB5  1508               	bsf	8,2	;volatile
  3581                           
  3582                           ;matrix_keypad.c: 103:     RD1 = 1;
  3583     0EB6  1488               	bsf	8,1	;volatile
  3584                           
  3585                           ;matrix_keypad.c: 104:     RD0 = 0;
  3586     0EB7  1008               	bcf	8,0	;volatile
  3587     0EB8                     l1831:
  3588                           
  3589                           ;matrix_keypad.c: 106:     for (i = 100; i > 0; i--);
  3590     0EB8  3064               	movlw	100
  3591     0EB9  00F5               	movwf	scan_keypad@i
  3592     0EBA  3000               	movlw	0
  3593     0EBB  00F6               	movwf	scan_keypad@i+1
  3594     0EBC                     l1837:
  3595     0EBC  30FF               	movlw	255
  3596     0EBD  07F5               	addwf	scan_keypad@i,f
  3597     0EBE  1803               	skipnc
  3598     0EBF  0AF6               	incf	scan_keypad@i+1,f
  3599     0EC0  30FF               	movlw	255
  3600     0EC1  07F6               	addwf	scan_keypad@i+1,f
  3601     0EC2                     l1839:
  3602     0EC2  0876               	movf	scan_keypad@i+1,w
  3603     0EC3  3A80               	xorlw	128
  3604     0EC4  00FF               	movwf	btemp1
  3605     0EC5  3080               	movlw	128
  3606     0EC6  027F               	subwf	btemp1,w
  3607     0EC7  1D03               	skipz
  3608     0EC8  2ECB               	goto	u1245
  3609     0EC9  3001               	movlw	1
  3610     0ECA  0275               	subwf	scan_keypad@i,w
  3611     0ECB                     u1245:
  3612     0ECB  1803               	skipnc
  3613     0ECC  2ECE               	goto	u1241
  3614     0ECD  2ECF               	goto	u1240
  3615     0ECE                     u1241:
  3616     0ECE  2EBC               	goto	l1837
  3617     0ECF                     u1240:
  3618     0ECF                     l171:
  3619                           
  3620                           ;matrix_keypad.c: 108:     if (RB0 == 0)
  3621     0ECF  1283               	bcf	3,5	;RP0=0, select bank0
  3622     0ED0  1303               	bcf	3,6	;RP1=0, select bank0
  3623     0ED1  1806               	btfsc	6,0	;volatile
  3624     0ED2  2ED4               	goto	u1251
  3625     0ED3  2ED5               	goto	u1250
  3626     0ED4                     u1251:
  3627     0ED4  2EDC               	goto	l172
  3628     0ED5                     u1250:
  3629     0ED5                     l1841:
  3630                           
  3631                           ;matrix_keypad.c: 109:     {;matrix_keypad.c: 110:         alarm();
  3632     0ED5  120A  158A  247A  120A  158A  	fcall	_alarm
  3633     0EDA                     l1843:
  3634                           
  3635                           ;matrix_keypad.c: 111:         return '*';
  3636     0EDA  302A               	movlw	42
  3637     0EDB  2EF3               	goto	l151
  3638     0EDC                     l172:	
  3639                           ;matrix_keypad.c: 113:     else if (RB1 == 0)
  3640                           
  3641     0EDC  1886               	btfsc	6,1	;volatile
  3642     0EDD  2EDF               	goto	u1261
  3643     0EDE  2EE0               	goto	u1260
  3644     0EDF                     u1261:
  3645     0EDF  2EE7               	goto	l174
  3646     0EE0                     u1260:
  3647     0EE0                     l1849:
  3648                           
  3649                           ;matrix_keypad.c: 114:     {;matrix_keypad.c: 115:         alarm();
  3650     0EE0  120A  158A  247A  120A  158A  	fcall	_alarm
  3651     0EE5                     l1851:
  3652                           
  3653                           ;matrix_keypad.c: 116:         return 0;
  3654     0EE5  3000               	movlw	0
  3655     0EE6  2EF3               	goto	l151
  3656     0EE7                     l174:	
  3657                           ;matrix_keypad.c: 118:     else if (RB2 == 0)
  3658                           
  3659     0EE7  1906               	btfsc	6,2	;volatile
  3660     0EE8  2EEA               	goto	u1271
  3661     0EE9  2EEB               	goto	u1270
  3662     0EEA                     u1271:
  3663     0EEA  2EF2               	goto	l1863
  3664     0EEB                     u1270:
  3665     0EEB                     l1857:
  3666                           
  3667                           ;matrix_keypad.c: 119:     {;matrix_keypad.c: 120:         alarm();
  3668     0EEB  120A  158A  247A  120A  158A  	fcall	_alarm
  3669     0EF0                     l1859:
  3670                           
  3671                           ;matrix_keypad.c: 121:         return '#';
  3672     0EF0  3023               	movlw	35
  3673     0EF1  2EF3               	goto	l151
  3674     0EF2                     l1863:
  3675                           
  3676                           ;matrix_keypad.c: 124:     return 0xFF;
  3677     0EF2  30FF               	movlw	255
  3678     0EF3                     l151:
  3679     0EF3  0008               	return
  3680     0EF4                     __end_of_scan_keypad:
  3681                           
  3682                           	psect	text9
  3683     0C64                     __ptext9:	
  3684 ;; *************** function _init_config *****************
  3685 ;; Defined at:
  3686 ;;		line 17 in file "main.c"
  3687 ;; Parameters:    Size  Location     Type
  3688 ;;		None
  3689 ;; Auto vars:     Size  Location     Type
  3690 ;;		None
  3691 ;; Return value:  Size  Location     Type
  3692 ;;                  1    wreg      void 
  3693 ;; Registers used:
  3694 ;;		wreg, status,2, status,0, pclath, cstack
  3695 ;; Tracked objects:
  3696 ;;		On entry : 0/0
  3697 ;;		On exit  : 0/0
  3698 ;;		Unchanged: 0/0
  3699 ;; Data sizes:     COMMON   BANK0   BANK1   BANK3   BANK2
  3700 ;;      Params:         0       0       0       0       0
  3701 ;;      Locals:         0       0       0       0       0
  3702 ;;      Temps:          0       0       0       0       0
  3703 ;;      Totals:         0       0       0       0       0
  3704 ;;Total ram usage:        0 bytes
  3705 ;; Hardware stack levels used: 1
  3706 ;; Hardware stack levels required when called: 4
  3707 ;; This function calls:
  3708 ;;		_init_clcd
  3709 ;;		_init_matrix_keypad
  3710 ;;		_init_timer2
  3711 ;; This function is called by:
  3712 ;;		_main
  3713 ;; This function uses a non-reentrant model
  3714 ;;
  3715                           
  3716     0C64                     _init_config:	
  3717                           ;psect for function _init_config
  3718                           
  3719     0C64                     l2011:	
  3720                           ;incstack = 0
  3721                           ; Regs used in _init_config: [wreg+status,2+status,0+pclath+cstack]
  3722                           
  3723                           
  3724                           ;main.c: 18:     unsigned char reset_flag;
  3725     0C64  120A  158A  2410  120A  158A  	fcall	_init_clcd
  3726                           
  3727                           ;main.c: 19: 
  3728     0C69  120A  158A  241B  120A  158A  	fcall	_init_matrix_keypad
  3729     0C6E                     l2013:
  3730                           
  3731                           ;main.c: 20:     while (1) {
  3732     0C6E  120A  158A  23FD  120A  158A  	fcall	_init_timer2
  3733     0C73                     l2015:
  3734                           
  3735                           ;main.c: 21: 
  3736     0C73  170B               	bsf	11,6	;volatile
  3737     0C74                     l2017:
  3738                           
  3739                           ;main.c: 22:         key=read_matrix_keypad(1);
  3740     0C74  178B               	bsf	11,7	;volatile
  3741     0C75                     l2019:
  3742                           
  3743                           ;main.c: 24:         {
  3744     0C75  1683               	bsf	3,5	;RP0=1, select bank1
  3745     0C76  1303               	bcf	3,6	;RP1=0, select bank1
  3746     0C77  1107               	bcf	7,2	;volatile
  3747     0C78                     l2021:
  3748                           
  3749                           ;main.c: 25:             if(key==1)
  3750     0C78  1087               	bcf	7,1	;volatile
  3751     0C79                     l82:
  3752     0C79  0008               	return
  3753     0C7A                     __end_of_init_config:
  3754                           
  3755                           	psect	text10
  3756     0BFD                     __ptext10:	
  3757 ;; *************** function _init_timer2 *****************
  3758 ;; Defined at:
  3759 ;;		line 4 in file "timers.c"
  3760 ;; Parameters:    Size  Location     Type
  3761 ;;		None
  3762 ;; Auto vars:     Size  Location     Type
  3763 ;;		None
  3764 ;; Return value:  Size  Location     Type
  3765 ;;                  1    wreg      void 
  3766 ;; Registers used:
  3767 ;;		None
  3768 ;; Tracked objects:
  3769 ;;		On entry : 0/0
  3770 ;;		On exit  : 0/0
  3771 ;;		Unchanged: 0/0
  3772 ;; Data sizes:     COMMON   BANK0   BANK1   BANK3   BANK2
  3773 ;;      Params:         0       0       0       0       0
  3774 ;;      Locals:         0       0       0       0       0
  3775 ;;      Temps:          0       0       0       0       0
  3776 ;;      Totals:         0       0       0       0       0
  3777 ;;Total ram usage:        0 bytes
  3778 ;; Hardware stack levels used: 1
  3779 ;; Hardware stack levels required when called: 1
  3780 ;; This function calls:
  3781 ;;		Nothing
  3782 ;; This function is called by:
  3783 ;;		_init_config
  3784 ;; This function uses a non-reentrant model
  3785 ;;
  3786                           
  3787     0BFD                     _init_timer2:	
  3788                           ;psect for function _init_timer2
  3789                           
  3790     0BFD                     l1737:	
  3791                           ;incstack = 0
  3792                           ; Regs used in _init_timer2: []
  3793                           
  3794                           
  3795                           ;timers.c: 11:     PR2 = 250;
  3796     0BFD  30FA               	movlw	250
  3797     0BFE  1683               	bsf	3,5	;RP0=1, select bank1
  3798     0BFF  1303               	bcf	3,6	;RP1=0, select bank1
  3799     0C00  0092               	movwf	18	;volatile
  3800                           
  3801                           ;timers.c: 14:     TMR2IE = 1;
  3802     0C01  148C               	bsf	12,1	;volatile
  3803                           
  3804                           ;timers.c: 17:     TMR2ON = 0;
  3805     0C02  1283               	bcf	3,5	;RP0=0, select bank0
  3806     0C03  1303               	bcf	3,6	;RP1=0, select bank0
  3807     0C04  1112               	bcf	18,2	;volatile
  3808     0C05                     l195:
  3809     0C05  0008               	return
  3810     0C06                     __end_of_init_timer2:
  3811                           
  3812                           	psect	text11
  3813     0C1B                     __ptext11:	
  3814 ;; *************** function _init_matrix_keypad *****************
  3815 ;; Defined at:
  3816 ;;		line 5 in file "matrix_keypad.c"
  3817 ;; Parameters:    Size  Location     Type
  3818 ;;		None
  3819 ;; Auto vars:     Size  Location     Type
  3820 ;;		None
  3821 ;; Return value:  Size  Location     Type
  3822 ;;                  1    wreg      void 
  3823 ;; Registers used:
  3824 ;;		wreg, status,2
  3825 ;; Tracked objects:
  3826 ;;		On entry : 0/0
  3827 ;;		On exit  : 0/0
  3828 ;;		Unchanged: 0/0
  3829 ;; Data sizes:     COMMON   BANK0   BANK1   BANK3   BANK2
  3830 ;;      Params:         0       0       0       0       0
  3831 ;;      Locals:         0       0       0       0       0
  3832 ;;      Temps:          0       0       0       0       0
  3833 ;;      Totals:         0       0       0       0       0
  3834 ;;Total ram usage:        0 bytes
  3835 ;; Hardware stack levels used: 1
  3836 ;; Hardware stack levels required when called: 1
  3837 ;; This function calls:
  3838 ;;		Nothing
  3839 ;; This function is called by:
  3840 ;;		_init_config
  3841 ;; This function uses a non-reentrant model
  3842 ;;
  3843                           
  3844     0C1B                     _init_matrix_keypad:	
  3845                           ;psect for function _init_matrix_keypad
  3846                           
  3847     0C1B                     l1725:	
  3848                           ;incstack = 0
  3849                           ; Regs used in _init_matrix_keypad: [wreg+status,2]
  3850                           
  3851                           
  3852                           ;matrix_keypad.c: 9:     TRISB = TRISB | 0x07;
  3853     0C1B  1683               	bsf	3,5	;RP0=1, select bank1
  3854     0C1C  1303               	bcf	3,6	;RP1=0, select bank1
  3855     0C1D  0806               	movf	6,w	;volatile
  3856     0C1E  3807               	iorlw	7
  3857     0C1F  0086               	movwf	6	;volatile
  3858                           
  3859                           ;matrix_keypad.c: 13:     TRISD = TRISD & 0xF0;
  3860     0C20  0808               	movf	8,w	;volatile
  3861     0C21  39F0               	andlw	240
  3862     0C22  0088               	movwf	8	;volatile
  3863     0C23                     l1727:
  3864                           
  3865                           ;matrix_keypad.c: 16:     nRBPU = 0;
  3866     0C23  1381               	bcf	1,7	;volatile
  3867     0C24                     l1729:
  3868                           
  3869                           ;matrix_keypad.c: 19:     RD3 = 1;
  3870     0C24  1283               	bcf	3,5	;RP0=0, select bank0
  3871     0C25  1303               	bcf	3,6	;RP1=0, select bank0
  3872     0C26  1588               	bsf	8,3	;volatile
  3873     0C27                     l1731:
  3874                           
  3875                           ;matrix_keypad.c: 20:     RD2 = 1;
  3876     0C27  1508               	bsf	8,2	;volatile
  3877     0C28                     l1733:
  3878                           
  3879                           ;matrix_keypad.c: 21:     RD1 = 1;
  3880     0C28  1488               	bsf	8,1	;volatile
  3881     0C29                     l1735:
  3882                           
  3883                           ;matrix_keypad.c: 22:     RD0 = 1;
  3884     0C29  1408               	bsf	8,0	;volatile
  3885     0C2A                     l144:
  3886     0C2A  0008               	return
  3887     0C2B                     __end_of_init_matrix_keypad:
  3888                           
  3889                           	psect	text12
  3890     0C10                     __ptext12:	
  3891 ;; *************** function _init_clcd *****************
  3892 ;; Defined at:
  3893 ;;		line 45 in file "clcd.c"
  3894 ;; Parameters:    Size  Location     Type
  3895 ;;		None
  3896 ;; Auto vars:     Size  Location     Type
  3897 ;;		None
  3898 ;; Return value:  Size  Location     Type
  3899 ;;                  1    wreg      void 
  3900 ;; Registers used:
  3901 ;;		wreg, status,2, status,0, pclath, cstack
  3902 ;; Tracked objects:
  3903 ;;		On entry : 0/0
  3904 ;;		On exit  : 0/0
  3905 ;;		Unchanged: 0/0
  3906 ;; Data sizes:     COMMON   BANK0   BANK1   BANK3   BANK2
  3907 ;;      Params:         0       0       0       0       0
  3908 ;;      Locals:         0       0       0       0       0
  3909 ;;      Temps:          0       0       0       0       0
  3910 ;;      Totals:         0       0       0       0       0
  3911 ;;Total ram usage:        0 bytes
  3912 ;; Hardware stack levels used: 1
  3913 ;; Hardware stack levels required when called: 3
  3914 ;; This function calls:
  3915 ;;		_init_display_controller
  3916 ;; This function is called by:
  3917 ;;		_init_config
  3918 ;; This function uses a non-reentrant model
  3919 ;;
  3920                           
  3921     0C10                     _init_clcd:	
  3922                           ;psect for function _init_clcd
  3923                           
  3924     0C10                     l1703:	
  3925                           ;incstack = 0
  3926                           ; Regs used in _init_clcd: [wreg+status,2+status,0+pclath+cstack]
  3927                           
  3928                           
  3929                           ;clcd.c: 48:     TRISD = 0x00;
  3930     0C10  1683               	bsf	3,5	;RP0=1, select bank1
  3931     0C11  1303               	bcf	3,6	;RP1=0, select bank1
  3932     0C12  0188               	clrf	8	;volatile
  3933     0C13                     l1705:
  3934                           
  3935                           ;clcd.c: 51:     TRISE2 = 0;
  3936     0C13  1109               	bcf	9,2	;volatile
  3937     0C14                     l1707:
  3938                           
  3939                           ;clcd.c: 52:     TRISE1 = 0;
  3940     0C14  1089               	bcf	9,1	;volatile
  3941     0C15                     l1709:
  3942                           
  3943                           ;clcd.c: 54:     init_display_controller();
  3944     0C15  120A  118A  278B  120A  158A  	fcall	_init_display_controller
  3945     0C1A                     l23:
  3946     0C1A  0008               	return
  3947     0C1B                     __end_of_init_clcd:
  3948                           
  3949                           	psect	text13
  3950     078B                     __ptext13:	
  3951 ;; *************** function _init_display_controller *****************
  3952 ;; Defined at:
  3953 ;;		line 22 in file "clcd.c"
  3954 ;; Parameters:    Size  Location     Type
  3955 ;;		None
  3956 ;; Auto vars:     Size  Location     Type
  3957 ;;		None
  3958 ;; Return value:  Size  Location     Type
  3959 ;;                  1    wreg      void 
  3960 ;; Registers used:
  3961 ;;		wreg, status,2, status,0, pclath, cstack
  3962 ;; Tracked objects:
  3963 ;;		On entry : 0/0
  3964 ;;		On exit  : 0/0
  3965 ;;		Unchanged: 0/0
  3966 ;; Data sizes:     COMMON   BANK0   BANK1   BANK3   BANK2
  3967 ;;      Params:         0       0       0       0       0
  3968 ;;      Locals:         0       0       0       0       0
  3969 ;;      Temps:          2       0       0       0       0
  3970 ;;      Totals:         2       0       0       0       0
  3971 ;;Total ram usage:        2 bytes
  3972 ;; Hardware stack levels used: 1
  3973 ;; Hardware stack levels required when called: 2
  3974 ;; This function calls:
  3975 ;;		_clcd_write
  3976 ;; This function is called by:
  3977 ;;		_init_clcd
  3978 ;; This function uses a non-reentrant model
  3979 ;;
  3980                           
  3981     078B                     _init_display_controller:	
  3982                           ;psect for function _init_display_controller
  3983                           
  3984     078B                     l1673:	
  3985                           ;incstack = 0
  3986                           ; Regs used in _init_display_controller: [wreg+status,2+status,0+pclath+cstack]
  3987                           
  3988                           
  3989                           ;clcd.c: 25:     _delay((unsigned long)((30)*(20000000/4000.0)));
  3990     078B  30C3               	movlw	195
  3991     078C  00F7               	movwf	??_init_display_controller+1
  3992     078D  30CD               	movlw	205
  3993     078E  00F6               	movwf	??_init_display_controller
  3994     078F                     u2937:
  3995     078F  0BF6               	decfsz	??_init_display_controller,f
  3996     0790  2F8F               	goto	u2937
  3997     0791  0BF7               	decfsz	??_init_display_controller+1,f
  3998     0792  2F8F               	goto	u2937
  3999     0793                     l1675:
  4000                           
  4001                           ;clcd.c: 28:     clcd_write(0x03, 0);
  4002     0793  01F2               	clrf	clcd_write@mode
  4003     0794  3003               	movlw	3
  4004     0795  120A  158A  2510  120A  118A  	fcall	_clcd_write
  4005     079A                     l1677:
  4006                           
  4007                           ;clcd.c: 29:     _delay((unsigned long)((4100)*(20000000/4000000.0)));
  4008     079A  301B               	movlw	27
  4009     079B  00F7               	movwf	??_init_display_controller+1
  4010     079C  309E               	movlw	158
  4011     079D  00F6               	movwf	??_init_display_controller
  4012     079E                     u2947:
  4013     079E  0BF6               	decfsz	??_init_display_controller,f
  4014     079F  2F9E               	goto	u2947
  4015     07A0  0BF7               	decfsz	??_init_display_controller+1,f
  4016     07A1  2F9E               	goto	u2947
  4017     07A2  0000               	nop
  4018                           
  4019                           ;clcd.c: 30:     clcd_write(0x03, 0);
  4020     07A3  01F2               	clrf	clcd_write@mode
  4021     07A4  3003               	movlw	3
  4022     07A5  120A  158A  2510  120A  118A  	fcall	_clcd_write
  4023     07AA                     l1679:
  4024                           
  4025                           ;clcd.c: 31:     _delay((unsigned long)((100)*(20000000/4000000.0)));
  4026     07AA  30A6               	movlw	166
  4027     07AB  00F6               	movwf	??_init_display_controller
  4028     07AC                     u2957:
  4029     07AC  0BF6               	decfsz	??_init_display_controller,f
  4030     07AD  2FAC               	goto	u2957
  4031     07AE  0000               	nop
  4032     07AF                     l1681:
  4033                           
  4034                           ;clcd.c: 32:     clcd_write(0x03, 0);
  4035     07AF  01F2               	clrf	clcd_write@mode
  4036     07B0  3003               	movlw	3
  4037     07B1  120A  158A  2510  120A  118A  	fcall	_clcd_write
  4038     07B6                     l1683:
  4039                           
  4040                           ;clcd.c: 33:     _delay((unsigned long)((1)*(20000000/4000000.0)));
  4041     07B6  2FB7               	nop2	;2 cycle nop
  4042     07B7  2FB8               	nop2	;2 cycle nop
  4043     07B8  0000               	nop
  4044     07B9                     l1685:
  4045                           
  4046                           ;clcd.c: 35:     clcd_write(0x02, 0);
  4047     07B9  01F2               	clrf	clcd_write@mode
  4048     07BA  3002               	movlw	2
  4049     07BB  120A  158A  2510  120A  118A  	fcall	_clcd_write
  4050     07C0                     l1687:
  4051                           
  4052                           ;clcd.c: 36:     _delay((unsigned long)((100)*(20000000/4000000.0)));
  4053     07C0  30A6               	movlw	166
  4054     07C1  00F6               	movwf	??_init_display_controller
  4055     07C2                     u2967:
  4056     07C2  0BF6               	decfsz	??_init_display_controller,f
  4057     07C3  2FC2               	goto	u2967
  4058     07C4  0000               	nop
  4059                           
  4060                           ;clcd.c: 37:     clcd_write(0x28, 0);
  4061     07C5  01F2               	clrf	clcd_write@mode
  4062     07C6  3028               	movlw	40
  4063     07C7  120A  158A  2510  120A  118A  	fcall	_clcd_write
  4064     07CC                     l1689:
  4065                           
  4066                           ;clcd.c: 38:     _delay((unsigned long)((100)*(20000000/4000000.0)));
  4067     07CC  30A6               	movlw	166
  4068     07CD  00F6               	movwf	??_init_display_controller
  4069     07CE                     u2977:
  4070     07CE  0BF6               	decfsz	??_init_display_controller,f
  4071     07CF  2FCE               	goto	u2977
  4072     07D0  0000               	nop
  4073     07D1                     l1691:
  4074                           
  4075                           ;clcd.c: 39:     clcd_write(0x01, 0);
  4076     07D1  01F2               	clrf	clcd_write@mode
  4077     07D2  3001               	movlw	1
  4078     07D3  120A  158A  2510  120A  118A  	fcall	_clcd_write
  4079                           
  4080                           ;clcd.c: 40:     _delay((unsigned long)((500)*(20000000/4000000.0)));
  4081     07D8  3004               	movlw	4
  4082     07D9  00F7               	movwf	??_init_display_controller+1
  4083     07DA  303D               	movlw	61
  4084     07DB  00F6               	movwf	??_init_display_controller
  4085     07DC                     u2987:
  4086     07DC  0BF6               	decfsz	??_init_display_controller,f
  4087     07DD  2FDC               	goto	u2987
  4088     07DE  0BF7               	decfsz	??_init_display_controller+1,f
  4089     07DF  2FDC               	goto	u2987
  4090     07E0  2FE1               	nop2
  4091     07E1                     l1693:
  4092                           
  4093                           ;clcd.c: 41:     clcd_write(0x0C, 0);
  4094     07E1  01F2               	clrf	clcd_write@mode
  4095     07E2  300C               	movlw	12
  4096     07E3  120A  158A  2510  120A  118A  	fcall	_clcd_write
  4097     07E8                     l1695:
  4098                           
  4099                           ;clcd.c: 42:     _delay((unsigned long)((100)*(20000000/4000000.0)));
  4100     07E8  30A6               	movlw	166
  4101     07E9  00F6               	movwf	??_init_display_controller
  4102     07EA                     u2997:
  4103     07EA  0BF6               	decfsz	??_init_display_controller,f
  4104     07EB  2FEA               	goto	u2997
  4105     07EC  0000               	nop
  4106     07ED                     l20:
  4107     07ED  0008               	return
  4108     07EE                     __end_of_init_display_controller:
  4109                           
  4110                           	psect	text14
  4111     0C06                     __ptext14:	
  4112 ;; *************** function _heat_food *****************
  4113 ;; Defined at:
  4114 ;;		line 285 in file "micro_oven.c"
  4115 ;; Parameters:    Size  Location     Type
  4116 ;;		None
  4117 ;; Auto vars:     Size  Location     Type
  4118 ;;		None
  4119 ;; Return value:  Size  Location     Type
  4120 ;;                  1    wreg      void 
  4121 ;; Registers used:
  4122 ;;		status,2
  4123 ;; Tracked objects:
  4124 ;;		On entry : 0/0
  4125 ;;		On exit  : 0/0
  4126 ;;		Unchanged: 0/0
  4127 ;; Data sizes:     COMMON   BANK0   BANK1   BANK3   BANK2
  4128 ;;      Params:         0       0       0       0       0
  4129 ;;      Locals:         0       0       0       0       0
  4130 ;;      Temps:          0       0       0       0       0
  4131 ;;      Totals:         0       0       0       0       0
  4132 ;;Total ram usage:        0 bytes
  4133 ;; Hardware stack levels used: 1
  4134 ;; Hardware stack levels required when called: 1
  4135 ;; This function calls:
  4136 ;;		Nothing
  4137 ;; This function is called by:
  4138 ;;		_main
  4139 ;; This function uses a non-reentrant model
  4140 ;;
  4141                           
  4142     0C06                     _heat_food:	
  4143                           ;psect for function _heat_food
  4144                           
  4145     0C06                     l2337:	
  4146                           ;incstack = 0
  4147                           ; Regs used in _heat_food: [status,2]
  4148                           
  4149                           
  4150                           ;micro_oven.c: 287:     sec=30;
  4151     0C06  301E               	movlw	30
  4152     0C07  1283               	bcf	3,5	;RP0=0, select bank0
  4153     0C08  1303               	bcf	3,6	;RP1=0, select bank0
  4154     0C09  00C2               	movwf	_sec
  4155     0C0A                     l2339:
  4156                           
  4157                           ;micro_oven.c: 288:     minn=0;
  4158     0C0A  01C1               	clrf	_minn
  4159     0C0B                     l2341:
  4160                           
  4161                           ;micro_oven.c: 290:     TMR2ON=1;
  4162     0C0B  1512               	bsf	18,2	;volatile
  4163     0C0C                     l2343:
  4164                           
  4165                           ;micro_oven.c: 291:     RC2=1;
  4166     0C0C  1507               	bsf	7,2	;volatile
  4167     0C0D                     l2345:
  4168                           
  4169                           ;micro_oven.c: 292:     screen_flag=0x70;
  4170     0C0D  3070               	movlw	112
  4171     0C0E  00C3               	movwf	_screen_flag
  4172     0C0F                     l295:
  4173     0C0F  0008               	return
  4174     0C10                     __end_of_heat_food:
  4175                           
  4176                           	psect	text15
  4177     0EF4                     __ptext15:	
  4178 ;; *************** function _display_time *****************
  4179 ;; Defined at:
  4180 ;;		line 255 in file "micro_oven.c"
  4181 ;; Parameters:    Size  Location     Type
  4182 ;;		None
  4183 ;; Auto vars:     Size  Location     Type
  4184 ;;		None
  4185 ;; Return value:  Size  Location     Type
  4186 ;;                  1    wreg      void 
  4187 ;; Registers used:
  4188 ;;		wreg, fsr0l, fsr0h, status,2, status,0, pclath, btemp1, cstack
  4189 ;; Tracked objects:
  4190 ;;		On entry : 0/0
  4191 ;;		On exit  : 0/0
  4192 ;;		Unchanged: 0/0
  4193 ;; Data sizes:     COMMON   BANK0   BANK1   BANK3   BANK2
  4194 ;;      Params:         0       0       0       0       0
  4195 ;;      Locals:         0       0       0       0       0
  4196 ;;      Temps:          0       3       0       0       0
  4197 ;;      Totals:         0       3       0       0       0
  4198 ;;Total ram usage:        3 bytes
  4199 ;; Hardware stack levels used: 1
  4200 ;; Hardware stack levels required when called: 2
  4201 ;; This function calls:
  4202 ;;		___awdiv
  4203 ;;		___awmod
  4204 ;;		_clcd_print
  4205 ;;		_clcd_putch
  4206 ;;		_clear_screen
  4207 ;; This function is called by:
  4208 ;;		_main
  4209 ;; This function uses a non-reentrant model
  4210 ;;
  4211                           
  4212     0EF4                     _display_time:	
  4213                           ;psect for function _display_time
  4214                           
  4215     0EF4                     l2641:	
  4216                           ;incstack = 0
  4217                           ; Regs used in _display_time: [wreg-fsr0h+status,2+status,0+pclath+btemp1+cstack]
  4218                           
  4219                           
  4220                           ;micro_oven.c: 257:     clcd_print("TIME =",(0x80 + 1));
  4221     0EF4  30FE               	movlw	low (STR_21| (0+32768))
  4222     0EF5  00F6               	movwf	clcd_print@str
  4223     0EF6  3085               	movlw	high (STR_21| (0+32768))
  4224     0EF7  00F7               	movwf	clcd_print@str+1
  4225     0EF8  3081               	movlw	129
  4226     0EF9  00F8               	movwf	clcd_print@addr
  4227     0EFA  120A  118A  24CF  120A  158A  	fcall	_clcd_print
  4228     0EFF                     l2643:
  4229                           
  4230                           ;micro_oven.c: 258:     clcd_putch(minn/10+'0',(0x80 + 9));
  4231     0EFF  3089               	movlw	137
  4232     0F00  1283               	bcf	3,5	;RP0=0, select bank0
  4233     0F01  1303               	bcf	3,6	;RP1=0, select bank0
  4234     0F02  00A8               	movwf	clcd_putch@addr
  4235     0F03  300A               	movlw	10
  4236     0F04  00F2               	movwf	___awdiv@divisor
  4237     0F05  3000               	movlw	0
  4238     0F06  00F3               	movwf	___awdiv@divisor+1
  4239     0F07  0841               	movf	_minn,w
  4240     0F08  00AA               	movwf	??_display_time
  4241     0F09  01AB               	clrf	??_display_time+1
  4242     0F0A  082A               	movf	??_display_time,w
  4243     0F0B  00F4               	movwf	___awdiv@dividend
  4244     0F0C  082B               	movf	??_display_time+1,w
  4245     0F0D  00F5               	movwf	___awdiv@dividend+1
  4246     0F0E  120A  118A  2726  120A  158A  	fcall	___awdiv
  4247     0F13  0872               	movf	?___awdiv,w
  4248     0F14  3E30               	addlw	48
  4249     0F15  120A  158A  244F  120A  158A  	fcall	_clcd_putch
  4250     0F1A                     l2645:
  4251                           
  4252                           ;micro_oven.c: 259:     clcd_putch(minn%10+'0',(0x80 + 10));
  4253     0F1A  308A               	movlw	138
  4254     0F1B  1283               	bcf	3,5	;RP0=0, select bank0
  4255     0F1C  1303               	bcf	3,6	;RP1=0, select bank0
  4256     0F1D  00A8               	movwf	clcd_putch@addr
  4257     0F1E  300A               	movlw	10
  4258     0F1F  00A4               	movwf	___awmod@divisor
  4259     0F20  3000               	movlw	0
  4260     0F21  00A5               	movwf	___awmod@divisor+1
  4261     0F22  0841               	movf	_minn,w
  4262     0F23  00AA               	movwf	??_display_time
  4263     0F24  01AB               	clrf	??_display_time+1
  4264     0F25  082A               	movf	??_display_time,w
  4265     0F26  00A6               	movwf	___awmod@dividend
  4266     0F27  082B               	movf	??_display_time+1,w
  4267     0F28  00A7               	movwf	___awmod@dividend+1
  4268     0F29  120A  118A  2476  120A  158A  	fcall	___awmod
  4269     0F2E  1283               	bcf	3,5	;RP0=0, select bank0
  4270     0F2F  1303               	bcf	3,6	;RP1=0, select bank0
  4271     0F30  0824               	movf	?___awmod,w
  4272     0F31  3E30               	addlw	48
  4273     0F32  120A  158A  244F  120A  158A  	fcall	_clcd_putch
  4274     0F37                     l2647:
  4275                           
  4276                           ;micro_oven.c: 260:     clcd_putch(':',(0x80 + 11));
  4277     0F37  308B               	movlw	139
  4278     0F38  1283               	bcf	3,5	;RP0=0, select bank0
  4279     0F39  1303               	bcf	3,6	;RP1=0, select bank0
  4280     0F3A  00A8               	movwf	clcd_putch@addr
  4281     0F3B  303A               	movlw	58
  4282     0F3C  120A  158A  244F  120A  158A  	fcall	_clcd_putch
  4283     0F41                     l2649:
  4284                           
  4285                           ;micro_oven.c: 261:     clcd_putch(sec/10+'0',(0x80 + 12));
  4286     0F41  308C               	movlw	140
  4287     0F42  1283               	bcf	3,5	;RP0=0, select bank0
  4288     0F43  1303               	bcf	3,6	;RP1=0, select bank0
  4289     0F44  00A8               	movwf	clcd_putch@addr
  4290     0F45  300A               	movlw	10
  4291     0F46  00F2               	movwf	___awdiv@divisor
  4292     0F47  3000               	movlw	0
  4293     0F48  00F3               	movwf	___awdiv@divisor+1
  4294     0F49  0842               	movf	_sec,w
  4295     0F4A  00AA               	movwf	??_display_time
  4296     0F4B  01AB               	clrf	??_display_time+1
  4297     0F4C  082A               	movf	??_display_time,w
  4298     0F4D  00F4               	movwf	___awdiv@dividend
  4299     0F4E  082B               	movf	??_display_time+1,w
  4300     0F4F  00F5               	movwf	___awdiv@dividend+1
  4301     0F50  120A  118A  2726  120A  158A  	fcall	___awdiv
  4302     0F55  0872               	movf	?___awdiv,w
  4303     0F56  3E30               	addlw	48
  4304     0F57  120A  158A  244F  120A  158A  	fcall	_clcd_putch
  4305     0F5C                     l2651:
  4306                           
  4307                           ;micro_oven.c: 262:     clcd_putch(sec%10+'0',(0x80 + 13));
  4308     0F5C  308D               	movlw	141
  4309     0F5D  1283               	bcf	3,5	;RP0=0, select bank0
  4310     0F5E  1303               	bcf	3,6	;RP1=0, select bank0
  4311     0F5F  00A8               	movwf	clcd_putch@addr
  4312     0F60  300A               	movlw	10
  4313     0F61  00A4               	movwf	___awmod@divisor
  4314     0F62  3000               	movlw	0
  4315     0F63  00A5               	movwf	___awmod@divisor+1
  4316     0F64  0842               	movf	_sec,w
  4317     0F65  00AA               	movwf	??_display_time
  4318     0F66  01AB               	clrf	??_display_time+1
  4319     0F67  082A               	movf	??_display_time,w
  4320     0F68  00A6               	movwf	___awmod@dividend
  4321     0F69  082B               	movf	??_display_time+1,w
  4322     0F6A  00A7               	movwf	___awmod@dividend+1
  4323     0F6B  120A  118A  2476  120A  158A  	fcall	___awmod
  4324     0F70  1283               	bcf	3,5	;RP0=0, select bank0
  4325     0F71  1303               	bcf	3,6	;RP1=0, select bank0
  4326     0F72  0824               	movf	?___awmod,w
  4327     0F73  3E30               	addlw	48
  4328     0F74  120A  158A  244F  120A  158A  	fcall	_clcd_putch
  4329     0F79                     l2653:
  4330                           
  4331                           ;micro_oven.c: 263:     clcd_print("4.START/RESUME",(0xC0 + 1));
  4332     0F79  3042               	movlw	low (STR_22| (0+32768))
  4333     0F7A  00F6               	movwf	clcd_print@str
  4334     0F7B  3085               	movlw	high (STR_22| (0+32768))
  4335     0F7C  00F7               	movwf	clcd_print@str+1
  4336     0F7D  30C1               	movlw	193
  4337     0F7E  00F8               	movwf	clcd_print@addr
  4338     0F7F  120A  118A  24CF  120A  158A  	fcall	_clcd_print
  4339     0F84                     l2655:
  4340                           
  4341                           ;micro_oven.c: 264:     clcd_print("5.PAUSE",(0x90 + 1));
  4342     0F84  30CE               	movlw	low (STR_23| (0+32768))
  4343     0F85  00F6               	movwf	clcd_print@str
  4344     0F86  3085               	movlw	high (STR_23| (0+32768))
  4345     0F87  00F7               	movwf	clcd_print@str+1
  4346     0F88  3091               	movlw	145
  4347     0F89  00F8               	movwf	clcd_print@addr
  4348     0F8A  120A  118A  24CF  120A  158A  	fcall	_clcd_print
  4349     0F8F                     l2657:
  4350                           
  4351                           ;micro_oven.c: 265:     clcd_print("6.STOP",(0xD0 + 1));
  4352     0F8F  3005               	movlw	low (STR_24| (0+32768))
  4353     0F90  00F6               	movwf	clcd_print@str
  4354     0F91  3086               	movlw	high (STR_24| (0+32768))
  4355     0F92  00F7               	movwf	clcd_print@str+1
  4356     0F93  30D1               	movlw	209
  4357     0F94  00F8               	movwf	clcd_print@addr
  4358     0F95  120A  118A  24CF  120A  158A  	fcall	_clcd_print
  4359     0F9A                     l2659:
  4360                           
  4361                           ;micro_oven.c: 267:     if(minn==0 && sec==0)
  4362     0F9A  1283               	bcf	3,5	;RP0=0, select bank0
  4363     0F9B  1303               	bcf	3,6	;RP1=0, select bank0
  4364     0F9C  0841               	movf	_minn,w
  4365     0F9D  1D03               	btfss	3,2
  4366     0F9E  2FA0               	goto	u2631
  4367     0F9F  2FA1               	goto	u2630
  4368     0FA0                     u2631:
  4369     0FA0  2FFF               	goto	l292
  4370     0FA1                     u2630:
  4371     0FA1                     l2661:
  4372     0FA1  0842               	movf	_sec,w
  4373     0FA2  1D03               	btfss	3,2
  4374     0FA3  2FA5               	goto	u2641
  4375     0FA4  2FA6               	goto	u2640
  4376     0FA5                     u2641:
  4377     0FA5  2FFF               	goto	l292
  4378     0FA6                     u2640:
  4379     0FA6                     l2663:
  4380                           
  4381                           ;micro_oven.c: 268:     {;micro_oven.c: 269:         clear_screen();
  4382     0FA6  120A  158A  242B  120A  158A  	fcall	_clear_screen
  4383     0FAB                     l2665:
  4384                           
  4385                           ;micro_oven.c: 270:         TMR2ON = 0;
  4386     0FAB  1283               	bcf	3,5	;RP0=0, select bank0
  4387     0FAC  1303               	bcf	3,6	;RP1=0, select bank0
  4388     0FAD  1112               	bcf	18,2	;volatile
  4389     0FAE                     l2667:
  4390                           
  4391                           ;micro_oven.c: 271:         RC2=0;
  4392     0FAE  1107               	bcf	7,2	;volatile
  4393     0FAF                     l2669:
  4394                           
  4395                           ;micro_oven.c: 272:         clcd_print("TIME UP",(0xC0 + 4));
  4396     0FAF  30DE               	movlw	low (STR_25| (0+32768))
  4397     0FB0  00F6               	movwf	clcd_print@str
  4398     0FB1  3085               	movlw	high (STR_25| (0+32768))
  4399     0FB2  00F7               	movwf	clcd_print@str+1
  4400     0FB3  30C4               	movlw	196
  4401     0FB4  00F8               	movwf	clcd_print@addr
  4402     0FB5  120A  118A  24CF  120A  158A  	fcall	_clcd_print
  4403     0FBA                     l2671:
  4404                           
  4405                           ;micro_oven.c: 273:         clcd_print("Enjoy Your Meal!",(0x90 + 0));
  4406     0FBA  3000               	movlw	low (STR_26| (0+32768))
  4407     0FBB  00F6               	movwf	clcd_print@str
  4408     0FBC  3085               	movlw	high (STR_26| (0+32768))
  4409     0FBD  00F7               	movwf	clcd_print@str+1
  4410     0FBE  3090               	movlw	144
  4411     0FBF  00F8               	movwf	clcd_print@addr
  4412     0FC0  120A  118A  24CF  120A  158A  	fcall	_clcd_print
  4413     0FC5                     l2673:
  4414                           
  4415                           ;micro_oven.c: 274:         RC1=1;
  4416     0FC5  1283               	bcf	3,5	;RP0=0, select bank0
  4417     0FC6  1303               	bcf	3,6	;RP1=0, select bank0
  4418     0FC7  1487               	bsf	7,1	;volatile
  4419     0FC8                     l2675:
  4420                           
  4421                           ;micro_oven.c: 275:         _delay((unsigned long)((3000)*(20000000/4000.0)));
  4422     0FC8  304D               	movlw	77
  4423     0FC9  1283               	bcf	3,5	;RP0=0, select bank0
  4424     0FCA  1303               	bcf	3,6	;RP1=0, select bank0
  4425     0FCB  00AC               	movwf	??_display_time+2
  4426     0FCC  3019               	movlw	25
  4427     0FCD  00AB               	movwf	??_display_time+1
  4428     0FCE  304F               	movlw	79
  4429     0FCF  00AA               	movwf	??_display_time
  4430     0FD0                     u3007:
  4431     0FD0  0BAA               	decfsz	??_display_time,f
  4432     0FD1  2FD0               	goto	u3007
  4433     0FD2  0BAB               	decfsz	??_display_time+1,f
  4434     0FD3  2FD0               	goto	u3007
  4435     0FD4  0BAC               	decfsz	??_display_time+2,f
  4436     0FD5  2FD0               	goto	u3007
  4437     0FD6                     l2677:
  4438                           
  4439                           ;micro_oven.c: 276:         RC1=0;
  4440     0FD6  1283               	bcf	3,5	;RP0=0, select bank0
  4441     0FD7  1303               	bcf	3,6	;RP1=0, select bank0
  4442     0FD8  1087               	bcf	7,1	;volatile
  4443     0FD9                     l2679:
  4444                           
  4445                           ;micro_oven.c: 277:         _delay((unsigned long)((3000)*(20000000/4000.0)));
  4446     0FD9  304D               	movlw	77
  4447     0FDA  1283               	bcf	3,5	;RP0=0, select bank0
  4448     0FDB  1303               	bcf	3,6	;RP1=0, select bank0
  4449     0FDC  00AC               	movwf	??_display_time+2
  4450     0FDD  3019               	movlw	25
  4451     0FDE  00AB               	movwf	??_display_time+1
  4452     0FDF  304F               	movlw	79
  4453     0FE0  00AA               	movwf	??_display_time
  4454     0FE1                     u3017:
  4455     0FE1  0BAA               	decfsz	??_display_time,f
  4456     0FE2  2FE1               	goto	u3017
  4457     0FE3  0BAB               	decfsz	??_display_time+1,f
  4458     0FE4  2FE1               	goto	u3017
  4459     0FE5  0BAC               	decfsz	??_display_time+2,f
  4460     0FE6  2FE1               	goto	u3017
  4461     0FE7                     l2681:
  4462                           
  4463                           ;micro_oven.c: 278:         _delay((unsigned long)((1000)*(20000000/4000.0)));
  4464     0FE7  301A               	movlw	26
  4465     0FE8  1283               	bcf	3,5	;RP0=0, select bank0
  4466     0FE9  1303               	bcf	3,6	;RP1=0, select bank0
  4467     0FEA  00AC               	movwf	??_display_time+2
  4468     0FEB  305E               	movlw	94
  4469     0FEC  00AB               	movwf	??_display_time+1
  4470     0FED  306D               	movlw	109
  4471     0FEE  00AA               	movwf	??_display_time
  4472     0FEF                     u3027:
  4473     0FEF  0BAA               	decfsz	??_display_time,f
  4474     0FF0  2FEF               	goto	u3027
  4475     0FF1  0BAB               	decfsz	??_display_time+1,f
  4476     0FF2  2FEF               	goto	u3027
  4477     0FF3  0BAC               	decfsz	??_display_time+2,f
  4478     0FF4  2FEF               	goto	u3027
  4479     0FF5  2FF6               	nop2
  4480     0FF6                     l2683:
  4481                           
  4482                           ;micro_oven.c: 279:         clear_screen();
  4483     0FF6  120A  158A  242B  120A  158A  	fcall	_clear_screen
  4484     0FFB                     l2685:
  4485                           
  4486                           ;micro_oven.c: 280:         screen_flag=0x20;
  4487     0FFB  3020               	movlw	32
  4488     0FFC  1283               	bcf	3,5	;RP0=0, select bank0
  4489     0FFD  1303               	bcf	3,6	;RP1=0, select bank0
  4490     0FFE  00C3               	movwf	_screen_flag
  4491     0FFF                     l292:
  4492     0FFF  0008               	return
  4493     1000                     __end_of_display_time:
  4494                           
  4495                           	psect	text16
  4496     0476                     __ptext16:	
  4497 ;; *************** function ___awmod *****************
  4498 ;; Defined at:
  4499 ;;		line 5 in file "C:\Program Files\Microchip\xc8\v3.10\pic\sources\c99\common\awmod.c"
  4500 ;; Parameters:    Size  Location     Type
  4501 ;;  divisor         2    4[BANK0 ] int 
  4502 ;;  dividend        2    6[BANK0 ] int 
  4503 ;; Auto vars:     Size  Location     Type
  4504 ;;  sign            1    7[COMMON] unsigned char 
  4505 ;;  counter         1    6[COMMON] unsigned char 
  4506 ;; Return value:  Size  Location     Type
  4507 ;;                  2    4[BANK0 ] int 
  4508 ;; Registers used:
  4509 ;;		wreg, status,2, status,0
  4510 ;; Tracked objects:
  4511 ;;		On entry : 0/0
  4512 ;;		On exit  : 0/0
  4513 ;;		Unchanged: 0/0
  4514 ;; Data sizes:     COMMON   BANK0   BANK1   BANK3   BANK2
  4515 ;;      Params:         0       4       0       0       0
  4516 ;;      Locals:         2       0       0       0       0
  4517 ;;      Temps:          0       0       0       0       0
  4518 ;;      Totals:         2       4       0       0       0
  4519 ;;Total ram usage:        6 bytes
  4520 ;; Hardware stack levels used: 1
  4521 ;; Hardware stack levels required when called: 1
  4522 ;; This function calls:
  4523 ;;		Nothing
  4524 ;; This function is called by:
  4525 ;;		_set_temp
  4526 ;;		_set_time
  4527 ;;		_display_time
  4528 ;; This function uses a non-reentrant model
  4529 ;;
  4530                           
  4531     0476                     ___awmod:	
  4532                           ;psect for function ___awmod
  4533                           
  4534     0476                     l2511:	
  4535                           ;incstack = 0
  4536                           ; Regs used in ___awmod: [wreg+status,2+status,0]
  4537                           
  4538     0476  01F7               	clrf	___awmod@sign
  4539     0477                     l2513:
  4540     0477  1283               	bcf	3,5	;RP0=0, select bank0
  4541     0478  1303               	bcf	3,6	;RP1=0, select bank0
  4542     0479  1FA7               	btfss	___awmod@dividend+1,7
  4543     047A  2C7C               	goto	u2331
  4544     047B  2C7D               	goto	u2330
  4545     047C                     u2331:
  4546     047C  2C84               	goto	l2519
  4547     047D                     u2330:
  4548     047D                     l2515:
  4549     047D  09A6               	comf	___awmod@dividend,f
  4550     047E  09A7               	comf	___awmod@dividend+1,f
  4551     047F  0AA6               	incf	___awmod@dividend,f
  4552     0480  1903               	skipnz
  4553     0481  0AA7               	incf	___awmod@dividend+1,f
  4554     0482                     l2517:
  4555     0482  3001               	movlw	1
  4556     0483  00F7               	movwf	___awmod@sign
  4557     0484                     l2519:
  4558     0484  1FA5               	btfss	___awmod@divisor+1,7
  4559     0485  2C87               	goto	u2341
  4560     0486  2C88               	goto	u2340
  4561     0487                     u2341:
  4562     0487  2C8D               	goto	l2523
  4563     0488                     u2340:
  4564     0488                     l2521:
  4565     0488  09A4               	comf	___awmod@divisor,f
  4566     0489  09A5               	comf	___awmod@divisor+1,f
  4567     048A  0AA4               	incf	___awmod@divisor,f
  4568     048B  1903               	skipnz
  4569     048C  0AA5               	incf	___awmod@divisor+1,f
  4570     048D                     l2523:
  4571     048D  0824               	movf	___awmod@divisor,w
  4572     048E  0425               	iorwf	___awmod@divisor+1,w
  4573     048F  1903               	btfsc	3,2
  4574     0490  2C92               	goto	u2351
  4575     0491  2C93               	goto	u2350
  4576     0492                     u2351:
  4577     0492  2CC0               	goto	l2541
  4578     0493                     u2350:
  4579     0493                     l2525:
  4580     0493  3001               	movlw	1
  4581     0494  00F6               	movwf	___awmod@counter
  4582     0495  2C9F               	goto	l2531
  4583     0496                     l2527:
  4584     0496  3001               	movlw	1
  4585     0497                     u2365:
  4586     0497  1003               	clrc
  4587     0498  0DA4               	rlf	___awmod@divisor,f
  4588     0499  0DA5               	rlf	___awmod@divisor+1,f
  4589     049A  3EFF               	addlw	-1
  4590     049B  1D03               	skipz
  4591     049C  2C97               	goto	u2365
  4592     049D                     l2529:
  4593     049D  3001               	movlw	1
  4594     049E  07F6               	addwf	___awmod@counter,f
  4595     049F                     l2531:
  4596     049F  1FA5               	btfss	___awmod@divisor+1,7
  4597     04A0  2CA2               	goto	u2371
  4598     04A1  2CA3               	goto	u2370
  4599     04A2                     u2371:
  4600     04A2  2C96               	goto	l2527
  4601     04A3                     u2370:
  4602     04A3                     l2533:
  4603     04A3  0825               	movf	___awmod@divisor+1,w
  4604     04A4  0227               	subwf	___awmod@dividend+1,w
  4605     04A5  1D03               	skipz
  4606     04A6  2CA9               	goto	u2385
  4607     04A7  0824               	movf	___awmod@divisor,w
  4608     04A8  0226               	subwf	___awmod@dividend,w
  4609     04A9                     u2385:
  4610     04A9  1C03               	skipc
  4611     04AA  2CAC               	goto	u2381
  4612     04AB  2CAD               	goto	u2380
  4613     04AC                     u2381:
  4614     04AC  2CB3               	goto	l2537
  4615     04AD                     u2380:
  4616     04AD                     l2535:
  4617     04AD  0824               	movf	___awmod@divisor,w
  4618     04AE  02A6               	subwf	___awmod@dividend,f
  4619     04AF  0825               	movf	___awmod@divisor+1,w
  4620     04B0  1C03               	skipc
  4621     04B1  03A7               	decf	___awmod@dividend+1,f
  4622     04B2  02A7               	subwf	___awmod@dividend+1,f
  4623     04B3                     l2537:
  4624     04B3  3001               	movlw	1
  4625     04B4                     u2395:
  4626     04B4  1003               	clrc
  4627     04B5  0CA5               	rrf	___awmod@divisor+1,f
  4628     04B6  0CA4               	rrf	___awmod@divisor,f
  4629     04B7  3EFF               	addlw	-1
  4630     04B8  1D03               	skipz
  4631     04B9  2CB4               	goto	u2395
  4632     04BA                     l2539:
  4633     04BA  3001               	movlw	1
  4634     04BB  02F6               	subwf	___awmod@counter,f
  4635     04BC  1D03               	btfss	3,2
  4636     04BD  2CBF               	goto	u2401
  4637     04BE  2CC0               	goto	u2400
  4638     04BF                     u2401:
  4639     04BF  2CA3               	goto	l2533
  4640     04C0                     u2400:
  4641     04C0                     l2541:
  4642     04C0  0877               	movf	___awmod@sign,w
  4643     04C1  1903               	btfsc	3,2
  4644     04C2  2CC4               	goto	u2411
  4645     04C3  2CC5               	goto	u2410
  4646     04C4                     u2411:
  4647     04C4  2CCA               	goto	l2545
  4648     04C5                     u2410:
  4649     04C5                     l2543:
  4650     04C5  09A6               	comf	___awmod@dividend,f
  4651     04C6  09A7               	comf	___awmod@dividend+1,f
  4652     04C7  0AA6               	incf	___awmod@dividend,f
  4653     04C8  1903               	skipnz
  4654     04C9  0AA7               	incf	___awmod@dividend+1,f
  4655     04CA                     l2545:
  4656     04CA  0827               	movf	___awmod@dividend+1,w
  4657     04CB  00A5               	movwf	?___awmod+1
  4658     04CC  0826               	movf	___awmod@dividend,w
  4659     04CD  00A4               	movwf	?___awmod
  4660     04CE                     l571:
  4661     04CE  0008               	return
  4662     04CF                     __end_of___awmod:
  4663                           
  4664                           	psect	text17
  4665     0726                     __ptext17:	
  4666 ;; *************** function ___awdiv *****************
  4667 ;; Defined at:
  4668 ;;		line 5 in file "C:\Program Files\Microchip\xc8\v3.10\pic\sources\c99\common\awdiv.c"
  4669 ;; Parameters:    Size  Location     Type
  4670 ;;  divisor         2    2[COMMON] int 
  4671 ;;  dividend        2    4[COMMON] int 
  4672 ;; Auto vars:     Size  Location     Type
  4673 ;;  quotient        2    2[BANK0 ] int 
  4674 ;;  sign            1    1[BANK0 ] unsigned char 
  4675 ;;  counter         1    0[BANK0 ] unsigned char 
  4676 ;; Return value:  Size  Location     Type
  4677 ;;                  2    2[COMMON] int 
  4678 ;; Registers used:
  4679 ;;		wreg, status,2, status,0
  4680 ;; Tracked objects:
  4681 ;;		On entry : 0/0
  4682 ;;		On exit  : 0/0
  4683 ;;		Unchanged: 0/0
  4684 ;; Data sizes:     COMMON   BANK0   BANK1   BANK3   BANK2
  4685 ;;      Params:         4       0       0       0       0
  4686 ;;      Locals:         0       4       0       0       0
  4687 ;;      Temps:          0       0       0       0       0
  4688 ;;      Totals:         4       4       0       0       0
  4689 ;;Total ram usage:        8 bytes
  4690 ;; Hardware stack levels used: 1
  4691 ;; Hardware stack levels required when called: 1
  4692 ;; This function calls:
  4693 ;;		Nothing
  4694 ;; This function is called by:
  4695 ;;		_set_temp
  4696 ;;		_set_time
  4697 ;;		_display_time
  4698 ;; This function uses a non-reentrant model
  4699 ;;
  4700                           
  4701     0726                     ___awdiv:	
  4702                           ;psect for function ___awdiv
  4703                           
  4704     0726                     l2467:	
  4705                           ;incstack = 0
  4706                           ; Regs used in ___awdiv: [wreg+status,2+status,0]
  4707                           
  4708     0726  1283               	bcf	3,5	;RP0=0, select bank0
  4709     0727  1303               	bcf	3,6	;RP1=0, select bank0
  4710     0728  01A1               	clrf	___awdiv@sign
  4711     0729                     l2469:
  4712     0729  1FF3               	btfss	___awdiv@divisor+1,7
  4713     072A  2F2C               	goto	u2231
  4714     072B  2F2D               	goto	u2230
  4715     072C                     u2231:
  4716     072C  2F34               	goto	l2475
  4717     072D                     u2230:
  4718     072D                     l2471:
  4719     072D  09F2               	comf	___awdiv@divisor,f
  4720     072E  09F3               	comf	___awdiv@divisor+1,f
  4721     072F  0AF2               	incf	___awdiv@divisor,f
  4722     0730  1903               	skipnz
  4723     0731  0AF3               	incf	___awdiv@divisor+1,f
  4724     0732                     l2473:
  4725     0732  3001               	movlw	1
  4726     0733  00A1               	movwf	___awdiv@sign
  4727     0734                     l2475:
  4728     0734  1FF5               	btfss	___awdiv@dividend+1,7
  4729     0735  2F37               	goto	u2241
  4730     0736  2F38               	goto	u2240
  4731     0737                     u2241:
  4732     0737  2F3F               	goto	l2481
  4733     0738                     u2240:
  4734     0738                     l2477:
  4735     0738  09F4               	comf	___awdiv@dividend,f
  4736     0739  09F5               	comf	___awdiv@dividend+1,f
  4737     073A  0AF4               	incf	___awdiv@dividend,f
  4738     073B  1903               	skipnz
  4739     073C  0AF5               	incf	___awdiv@dividend+1,f
  4740     073D                     l2479:
  4741     073D  3001               	movlw	1
  4742     073E  06A1               	xorwf	___awdiv@sign,f
  4743     073F                     l2481:
  4744     073F  01A2               	clrf	___awdiv@quotient
  4745     0740  01A3               	clrf	___awdiv@quotient+1
  4746     0741                     l2483:
  4747     0741  0872               	movf	___awdiv@divisor,w
  4748     0742  0473               	iorwf	___awdiv@divisor+1,w
  4749     0743  1903               	btfsc	3,2
  4750     0744  2F46               	goto	u2251
  4751     0745  2F47               	goto	u2250
  4752     0746                     u2251:
  4753     0746  2F7C               	goto	l2503
  4754     0747                     u2250:
  4755     0747                     l2485:
  4756     0747  3001               	movlw	1
  4757     0748  00A0               	movwf	___awdiv@counter
  4758     0749  2F53               	goto	l2491
  4759     074A                     l2487:
  4760     074A  3001               	movlw	1
  4761     074B                     u2265:
  4762     074B  1003               	clrc
  4763     074C  0DF2               	rlf	___awdiv@divisor,f
  4764     074D  0DF3               	rlf	___awdiv@divisor+1,f
  4765     074E  3EFF               	addlw	-1
  4766     074F  1D03               	skipz
  4767     0750  2F4B               	goto	u2265
  4768     0751                     l2489:
  4769     0751  3001               	movlw	1
  4770     0752  07A0               	addwf	___awdiv@counter,f
  4771     0753                     l2491:
  4772     0753  1FF3               	btfss	___awdiv@divisor+1,7
  4773     0754  2F56               	goto	u2271
  4774     0755  2F57               	goto	u2270
  4775     0756                     u2271:
  4776     0756  2F4A               	goto	l2487
  4777     0757                     u2270:
  4778     0757                     l2493:
  4779     0757  3001               	movlw	1
  4780     0758                     u2285:
  4781     0758  1003               	clrc
  4782     0759  0DA2               	rlf	___awdiv@quotient,f
  4783     075A  0DA3               	rlf	___awdiv@quotient+1,f
  4784     075B  3EFF               	addlw	-1
  4785     075C  1D03               	skipz
  4786     075D  2F58               	goto	u2285
  4787     075E  0873               	movf	___awdiv@divisor+1,w
  4788     075F  0275               	subwf	___awdiv@dividend+1,w
  4789     0760  1D03               	skipz
  4790     0761  2F64               	goto	u2295
  4791     0762  0872               	movf	___awdiv@divisor,w
  4792     0763  0274               	subwf	___awdiv@dividend,w
  4793     0764                     u2295:
  4794     0764  1C03               	skipc
  4795     0765  2F67               	goto	u2291
  4796     0766  2F68               	goto	u2290
  4797     0767                     u2291:
  4798     0767  2F6F               	goto	l2499
  4799     0768                     u2290:
  4800     0768                     l2495:
  4801     0768  0872               	movf	___awdiv@divisor,w
  4802     0769  02F4               	subwf	___awdiv@dividend,f
  4803     076A  0873               	movf	___awdiv@divisor+1,w
  4804     076B  1C03               	skipc
  4805     076C  03F5               	decf	___awdiv@dividend+1,f
  4806     076D  02F5               	subwf	___awdiv@dividend+1,f
  4807     076E                     l2497:
  4808     076E  1422               	bsf	___awdiv@quotient,0
  4809     076F                     l2499:
  4810     076F  3001               	movlw	1
  4811     0770                     u2305:
  4812     0770  1003               	clrc
  4813     0771  0CF3               	rrf	___awdiv@divisor+1,f
  4814     0772  0CF2               	rrf	___awdiv@divisor,f
  4815     0773  3EFF               	addlw	-1
  4816     0774  1D03               	skipz
  4817     0775  2F70               	goto	u2305
  4818     0776                     l2501:
  4819     0776  3001               	movlw	1
  4820     0777  02A0               	subwf	___awdiv@counter,f
  4821     0778  1D03               	btfss	3,2
  4822     0779  2F7B               	goto	u2311
  4823     077A  2F7C               	goto	u2310
  4824     077B                     u2311:
  4825     077B  2F57               	goto	l2493
  4826     077C                     u2310:
  4827     077C                     l2503:
  4828     077C  0821               	movf	___awdiv@sign,w
  4829     077D  1903               	btfsc	3,2
  4830     077E  2F80               	goto	u2321
  4831     077F  2F81               	goto	u2320
  4832     0780                     u2321:
  4833     0780  2F86               	goto	l2507
  4834     0781                     u2320:
  4835     0781                     l2505:
  4836     0781  09A2               	comf	___awdiv@quotient,f
  4837     0782  09A3               	comf	___awdiv@quotient+1,f
  4838     0783  0AA2               	incf	___awdiv@quotient,f
  4839     0784  1903               	skipnz
  4840     0785  0AA3               	incf	___awdiv@quotient+1,f
  4841     0786                     l2507:
  4842     0786  0823               	movf	___awdiv@quotient+1,w
  4843     0787  00F3               	movwf	?___awdiv+1
  4844     0788  0822               	movf	___awdiv@quotient,w
  4845     0789  00F2               	movwf	?___awdiv
  4846     078A                     l558:
  4847     078A  0008               	return
  4848     078B                     __end_of___awdiv:
  4849                           
  4850                           	psect	text18
  4851     032C                     __ptext18:	
  4852 ;; *************** function _display_power_screen *****************
  4853 ;; Defined at:
  4854 ;;		line 18 in file "micro_oven.c"
  4855 ;; Parameters:    Size  Location     Type
  4856 ;;		None
  4857 ;; Auto vars:     Size  Location     Type
  4858 ;;  i               1   17[BANK0 ] unsigned char 
  4859 ;;  i               1   16[BANK0 ] unsigned char 
  4860 ;;  i               1   15[BANK0 ] unsigned char 
  4861 ;;  i               1   14[BANK0 ] unsigned char 
  4862 ;;  i               1   13[BANK0 ] unsigned char 
  4863 ;; Return value:  Size  Location     Type
  4864 ;;                  1    wreg      void 
  4865 ;; Registers used:
  4866 ;;		wreg, fsr0l, fsr0h, status,2, status,0, pclath, btemp1, cstack
  4867 ;; Tracked objects:
  4868 ;;		On entry : 0/0
  4869 ;;		On exit  : 0/0
  4870 ;;		Unchanged: 0/0
  4871 ;; Data sizes:     COMMON   BANK0   BANK1   BANK3   BANK2
  4872 ;;      Params:         0       0       0       0       0
  4873 ;;      Locals:         0       5       0       0       0
  4874 ;;      Temps:          0       3       0       0       0
  4875 ;;      Totals:         0       8       0       0       0
  4876 ;;Total ram usage:        8 bytes
  4877 ;; Hardware stack levels used: 1
  4878 ;; Hardware stack levels required when called: 3
  4879 ;; This function calls:
  4880 ;;		_alarm
  4881 ;;		_clcd_print
  4882 ;;		_clcd_putch
  4883 ;;		_clear_screen
  4884 ;; This function is called by:
  4885 ;;		_main
  4886 ;; This function uses a non-reentrant model
  4887 ;;
  4888                           
  4889     032C                     _display_power_screen:	
  4890                           ;psect for function _display_power_screen
  4891                           
  4892     032C                     l2053:	
  4893                           ;incstack = 0
  4894                           ; Regs used in _display_power_screen: [wreg-fsr0h+status,2+status,0+pclath+btemp1+cstack
      +                          ]
  4895                           
  4896                           
  4897                           ;micro_oven.c: 21:     for(unsigned char i=0; i<16;i++){
  4898     032C  1283               	bcf	3,5	;RP0=0, select bank0
  4899     032D  1303               	bcf	3,6	;RP1=0, select bank0
  4900     032E  01AD               	clrf	display_power_screen@i
  4901     032F                     l2059:
  4902                           
  4903                           ;micro_oven.c: 22:         clcd_putch(0xFF,(0x80 + i));
  4904     032F  082D               	movf	display_power_screen@i,w
  4905     0330  3E80               	addlw	128
  4906     0331  00A8               	movwf	clcd_putch@addr
  4907     0332  30FF               	movlw	255
  4908     0333  120A  158A  244F  120A  118A  	fcall	_clcd_putch
  4909     0338                     l2061:
  4910                           
  4911                           ;micro_oven.c: 23:         _delay((unsigned long)((100)*(20000000/4000.0)));
  4912     0338  3003               	movlw	3
  4913     0339  1283               	bcf	3,5	;RP0=0, select bank0
  4914     033A  1303               	bcf	3,6	;RP1=0, select bank0
  4915     033B  00AC               	movwf	??_display_power_screen+2
  4916     033C  308A               	movlw	138
  4917     033D  00AB               	movwf	??_display_power_screen+1
  4918     033E  3055               	movlw	85
  4919     033F  00AA               	movwf	??_display_power_screen
  4920     0340                     u3037:
  4921     0340  0BAA               	decfsz	??_display_power_screen,f
  4922     0341  2B40               	goto	u3037
  4923     0342  0BAB               	decfsz	??_display_power_screen+1,f
  4924     0343  2B40               	goto	u3037
  4925     0344  0BAC               	decfsz	??_display_power_screen+2,f
  4926     0345  2B40               	goto	u3037
  4927     0346                     l2063:
  4928                           
  4929                           ;micro_oven.c: 24:     }
  4930     0346  3001               	movlw	1
  4931     0347  1283               	bcf	3,5	;RP0=0, select bank0
  4932     0348  1303               	bcf	3,6	;RP1=0, select bank0
  4933     0349  07AD               	addwf	display_power_screen@i,f
  4934     034A                     l2065:
  4935     034A  3010               	movlw	16
  4936     034B  022D               	subwf	display_power_screen@i,w
  4937     034C  1C03               	skipc
  4938     034D  2B4F               	goto	u1681
  4939     034E  2B50               	goto	u1680
  4940     034F                     u1681:
  4941     034F  2B2F               	goto	l2059
  4942     0350                     u1680:
  4943     0350                     l2067:
  4944                           
  4945                           ;micro_oven.c: 26:     clcd_print("Powering ON", (0xC0 + 3));
  4946     0350  30A2               	movlw	low (STR_2| (0+32768))
  4947     0351  00F6               	movwf	clcd_print@str
  4948     0352  3085               	movlw	high (STR_2| (0+32768))
  4949     0353  00F7               	movwf	clcd_print@str+1
  4950     0354  30C3               	movlw	195
  4951     0355  00F8               	movwf	clcd_print@addr
  4952     0356  120A  118A  24CF  120A  118A  	fcall	_clcd_print
  4953                           
  4954                           ;micro_oven.c: 28:     clcd_print("Microwave Oven", (0x90 + 1));
  4955     035B  3051               	movlw	low (STR_3| (0+32768))
  4956     035C  00F6               	movwf	clcd_print@str
  4957     035D  3085               	movlw	high (STR_3| (0+32768))
  4958     035E  00F7               	movwf	clcd_print@str+1
  4959     035F  3091               	movlw	145
  4960     0360  00F8               	movwf	clcd_print@addr
  4961     0361  120A  118A  24CF  120A  118A  	fcall	_clcd_print
  4962     0366                     l2069:
  4963                           
  4964                           ;micro_oven.c: 31:     for(unsigned char i=0; i<16;i++){
  4965     0366  1283               	bcf	3,5	;RP0=0, select bank0
  4966     0367  1303               	bcf	3,6	;RP1=0, select bank0
  4967     0368  01AE               	clrf	display_power_screen@i_161
  4968     0369                     l2075:
  4969                           
  4970                           ;micro_oven.c: 32:         clcd_putch(0xFF,(0xD0 + i));
  4971     0369  082E               	movf	display_power_screen@i_161,w
  4972     036A  3ED0               	addlw	208
  4973     036B  00A8               	movwf	clcd_putch@addr
  4974     036C  30FF               	movlw	255
  4975     036D  120A  158A  244F  120A  118A  	fcall	_clcd_putch
  4976     0372                     l2077:
  4977                           
  4978                           ;micro_oven.c: 33:         _delay((unsigned long)((100)*(20000000/4000.0)));
  4979     0372  3003               	movlw	3
  4980     0373  1283               	bcf	3,5	;RP0=0, select bank0
  4981     0374  1303               	bcf	3,6	;RP1=0, select bank0
  4982     0375  00AC               	movwf	??_display_power_screen+2
  4983     0376  308A               	movlw	138
  4984     0377  00AB               	movwf	??_display_power_screen+1
  4985     0378  3055               	movlw	85
  4986     0379  00AA               	movwf	??_display_power_screen
  4987     037A                     u3047:
  4988     037A  0BAA               	decfsz	??_display_power_screen,f
  4989     037B  2B7A               	goto	u3047
  4990     037C  0BAB               	decfsz	??_display_power_screen+1,f
  4991     037D  2B7A               	goto	u3047
  4992     037E  0BAC               	decfsz	??_display_power_screen+2,f
  4993     037F  2B7A               	goto	u3047
  4994     0380                     l2079:
  4995                           
  4996                           ;micro_oven.c: 34:     }
  4997     0380  3001               	movlw	1
  4998     0381  1283               	bcf	3,5	;RP0=0, select bank0
  4999     0382  1303               	bcf	3,6	;RP1=0, select bank0
  5000     0383  07AE               	addwf	display_power_screen@i_161,f
  5001     0384                     l2081:
  5002     0384  3010               	movlw	16
  5003     0385  022E               	subwf	display_power_screen@i_161,w
  5004     0386  1C03               	skipc
  5005     0387  2B89               	goto	u1691
  5006     0388  2B8A               	goto	u1690
  5007     0389                     u1691:
  5008     0389  2B69               	goto	l2075
  5009     038A                     u1690:
  5010     038A                     l2083:
  5011                           
  5012                           ;micro_oven.c: 35:     alarm();
  5013     038A  120A  158A  247A  120A  118A  	fcall	_alarm
  5014     038F                     l2085:
  5015                           
  5016                           ;micro_oven.c: 36:     _delay((unsigned long)((2000)*(20000000/4000.0)));
  5017     038F  3033               	movlw	51
  5018     0390  1283               	bcf	3,5	;RP0=0, select bank0
  5019     0391  1303               	bcf	3,6	;RP1=0, select bank0
  5020     0392  00AC               	movwf	??_display_power_screen+2
  5021     0393  30BB               	movlw	187
  5022     0394  00AB               	movwf	??_display_power_screen+1
  5023     0395  30DF               	movlw	223
  5024     0396  00AA               	movwf	??_display_power_screen
  5025     0397                     u3057:
  5026     0397  0BAA               	decfsz	??_display_power_screen,f
  5027     0398  2B97               	goto	u3057
  5028     0399  0BAB               	decfsz	??_display_power_screen+1,f
  5029     039A  2B97               	goto	u3057
  5030     039B  0BAC               	decfsz	??_display_power_screen+2,f
  5031     039C  2B97               	goto	u3057
  5032     039D                     l2087:
  5033                           
  5034                           ;micro_oven.c: 37:     clear_screen();
  5035     039D  120A  158A  242B  120A  118A  	fcall	_clear_screen
  5036     03A2                     l2089:
  5037                           
  5038                           ;micro_oven.c: 39:     for(unsigned char i=0; i<16;i++){
  5039     03A2  1283               	bcf	3,5	;RP0=0, select bank0
  5040     03A3  1303               	bcf	3,6	;RP1=0, select bank0
  5041     03A4  01AF               	clrf	display_power_screen@i_162
  5042     03A5                     l2095:
  5043                           
  5044                           ;micro_oven.c: 40:         clcd_putch(0xFF,(0x80 + i));
  5045     03A5  082F               	movf	display_power_screen@i_162,w
  5046     03A6  3E80               	addlw	128
  5047     03A7  00A8               	movwf	clcd_putch@addr
  5048     03A8  30FF               	movlw	255
  5049     03A9  120A  158A  244F  120A  118A  	fcall	_clcd_putch
  5050     03AE                     l2097:
  5051                           
  5052                           ;micro_oven.c: 41:         _delay((unsigned long)((100)*(20000000/4000.0)));
  5053     03AE  3003               	movlw	3
  5054     03AF  1283               	bcf	3,5	;RP0=0, select bank0
  5055     03B0  1303               	bcf	3,6	;RP1=0, select bank0
  5056     03B1  00AC               	movwf	??_display_power_screen+2
  5057     03B2  308A               	movlw	138
  5058     03B3  00AB               	movwf	??_display_power_screen+1
  5059     03B4  3055               	movlw	85
  5060     03B5  00AA               	movwf	??_display_power_screen
  5061     03B6                     u3067:
  5062     03B6  0BAA               	decfsz	??_display_power_screen,f
  5063     03B7  2BB6               	goto	u3067
  5064     03B8  0BAB               	decfsz	??_display_power_screen+1,f
  5065     03B9  2BB6               	goto	u3067
  5066     03BA  0BAC               	decfsz	??_display_power_screen+2,f
  5067     03BB  2BB6               	goto	u3067
  5068     03BC                     l2099:
  5069                           
  5070                           ;micro_oven.c: 42:     }
  5071     03BC  3001               	movlw	1
  5072     03BD  1283               	bcf	3,5	;RP0=0, select bank0
  5073     03BE  1303               	bcf	3,6	;RP1=0, select bank0
  5074     03BF  07AF               	addwf	display_power_screen@i_162,f
  5075     03C0                     l2101:
  5076     03C0  3010               	movlw	16
  5077     03C1  022F               	subwf	display_power_screen@i_162,w
  5078     03C2  1C03               	skipc
  5079     03C3  2BC5               	goto	u1701
  5080     03C4  2BC6               	goto	u1700
  5081     03C5                     u1701:
  5082     03C5  2BA5               	goto	l2095
  5083     03C6                     u1700:
  5084     03C6                     l2103:
  5085                           
  5086                           ;micro_oven.c: 44:     clcd_print("Developed By", (0xC0 + 2));
  5087     03C6  3088               	movlw	low (STR_4| (0+32768))
  5088     03C7  00F6               	movwf	clcd_print@str
  5089     03C8  3085               	movlw	high (STR_4| (0+32768))
  5090     03C9  00F7               	movwf	clcd_print@str+1
  5091     03CA  30C2               	movlw	194
  5092     03CB  00F8               	movwf	clcd_print@addr
  5093     03CC  120A  118A  24CF  120A  118A  	fcall	_clcd_print
  5094                           
  5095                           ;micro_oven.c: 46:     clcd_print("KARTHIK S", (0x90 + 4));
  5096     03D1  30C4               	movlw	low (STR_5| (0+32768))
  5097     03D2  00F6               	movwf	clcd_print@str
  5098     03D3  3085               	movlw	high (STR_5| (0+32768))
  5099     03D4  00F7               	movwf	clcd_print@str+1
  5100     03D5  3094               	movlw	148
  5101     03D6  00F8               	movwf	clcd_print@addr
  5102     03D7  120A  118A  24CF  120A  118A  	fcall	_clcd_print
  5103     03DC                     l2105:
  5104                           
  5105                           ;micro_oven.c: 47:     for(unsigned char i=0; i<16;i++){
  5106     03DC  1283               	bcf	3,5	;RP0=0, select bank0
  5107     03DD  1303               	bcf	3,6	;RP1=0, select bank0
  5108     03DE  01B0               	clrf	display_power_screen@i_165
  5109     03DF                     l2111:
  5110                           
  5111                           ;micro_oven.c: 48:         clcd_putch(0xFF,(0xD0 + i));
  5112     03DF  0830               	movf	display_power_screen@i_165,w
  5113     03E0  3ED0               	addlw	208
  5114     03E1  00A8               	movwf	clcd_putch@addr
  5115     03E2  30FF               	movlw	255
  5116     03E3  120A  158A  244F  120A  118A  	fcall	_clcd_putch
  5117     03E8                     l2113:
  5118                           
  5119                           ;micro_oven.c: 49:         _delay((unsigned long)((100)*(20000000/4000.0)));
  5120     03E8  3003               	movlw	3
  5121     03E9  1283               	bcf	3,5	;RP0=0, select bank0
  5122     03EA  1303               	bcf	3,6	;RP1=0, select bank0
  5123     03EB  00AC               	movwf	??_display_power_screen+2
  5124     03EC  308A               	movlw	138
  5125     03ED  00AB               	movwf	??_display_power_screen+1
  5126     03EE  3055               	movlw	85
  5127     03EF  00AA               	movwf	??_display_power_screen
  5128     03F0                     u3077:
  5129     03F0  0BAA               	decfsz	??_display_power_screen,f
  5130     03F1  2BF0               	goto	u3077
  5131     03F2  0BAB               	decfsz	??_display_power_screen+1,f
  5132     03F3  2BF0               	goto	u3077
  5133     03F4  0BAC               	decfsz	??_display_power_screen+2,f
  5134     03F5  2BF0               	goto	u3077
  5135     03F6                     l2115:
  5136                           
  5137                           ;micro_oven.c: 50:     }
  5138     03F6  3001               	movlw	1
  5139     03F7  1283               	bcf	3,5	;RP0=0, select bank0
  5140     03F8  1303               	bcf	3,6	;RP1=0, select bank0
  5141     03F9  07B0               	addwf	display_power_screen@i_165,f
  5142     03FA                     l2117:
  5143     03FA  3010               	movlw	16
  5144     03FB  0230               	subwf	display_power_screen@i_165,w
  5145     03FC  1C03               	skipc
  5146     03FD  2BFF               	goto	u1711
  5147     03FE  2C00               	goto	u1710
  5148     03FF                     u1711:
  5149     03FF  2BDF               	goto	l2111
  5150     0400                     u1710:
  5151     0400                     l2119:
  5152                           
  5153                           ;micro_oven.c: 51:     alarm();
  5154     0400  120A  158A  247A  120A  118A  	fcall	_alarm
  5155     0405                     l2121:
  5156                           
  5157                           ;micro_oven.c: 52:     _delay((unsigned long)((3000)*(20000000/4000.0)));
  5158     0405  304D               	movlw	77
  5159     0406  1283               	bcf	3,5	;RP0=0, select bank0
  5160     0407  1303               	bcf	3,6	;RP1=0, select bank0
  5161     0408  00AC               	movwf	??_display_power_screen+2
  5162     0409  3019               	movlw	25
  5163     040A  00AB               	movwf	??_display_power_screen+1
  5164     040B  304F               	movlw	79
  5165     040C  00AA               	movwf	??_display_power_screen
  5166     040D                     u3087:
  5167     040D  0BAA               	decfsz	??_display_power_screen,f
  5168     040E  2C0D               	goto	u3087
  5169     040F  0BAB               	decfsz	??_display_power_screen+1,f
  5170     0410  2C0D               	goto	u3087
  5171     0411  0BAC               	decfsz	??_display_power_screen+2,f
  5172     0412  2C0D               	goto	u3087
  5173     0413                     l2123:
  5174                           
  5175                           ;micro_oven.c: 53:     clear_screen();
  5176     0413  120A  158A  242B  120A  118A  	fcall	_clear_screen
  5177     0418                     l2125:
  5178                           
  5179                           ;micro_oven.c: 54:     for(unsigned char i=0; i<16;i++){
  5180     0418  1283               	bcf	3,5	;RP0=0, select bank0
  5181     0419  1303               	bcf	3,6	;RP1=0, select bank0
  5182     041A  01B1               	clrf	display_power_screen@i_166
  5183     041B                     l2131:
  5184                           
  5185                           ;micro_oven.c: 55:         clcd_putch(0xFF,(0x80 + i));
  5186     041B  0831               	movf	display_power_screen@i_166,w
  5187     041C  3E80               	addlw	128
  5188     041D  00A8               	movwf	clcd_putch@addr
  5189     041E  30FF               	movlw	255
  5190     041F  120A  158A  244F  120A  118A  	fcall	_clcd_putch
  5191     0424                     l2133:
  5192                           
  5193                           ;micro_oven.c: 56:         _delay((unsigned long)((100)*(20000000/4000.0)));
  5194     0424  3003               	movlw	3
  5195     0425  1283               	bcf	3,5	;RP0=0, select bank0
  5196     0426  1303               	bcf	3,6	;RP1=0, select bank0
  5197     0427  00AC               	movwf	??_display_power_screen+2
  5198     0428  308A               	movlw	138
  5199     0429  00AB               	movwf	??_display_power_screen+1
  5200     042A  3055               	movlw	85
  5201     042B  00AA               	movwf	??_display_power_screen
  5202     042C                     u3097:
  5203     042C  0BAA               	decfsz	??_display_power_screen,f
  5204     042D  2C2C               	goto	u3097
  5205     042E  0BAB               	decfsz	??_display_power_screen+1,f
  5206     042F  2C2C               	goto	u3097
  5207     0430  0BAC               	decfsz	??_display_power_screen+2,f
  5208     0431  2C2C               	goto	u3097
  5209     0432                     l2135:
  5210                           
  5211                           ;micro_oven.c: 57:     }
  5212     0432  3001               	movlw	1
  5213     0433  1283               	bcf	3,5	;RP0=0, select bank0
  5214     0434  1303               	bcf	3,6	;RP1=0, select bank0
  5215     0435  07B1               	addwf	display_power_screen@i_166,f
  5216     0436                     l2137:
  5217     0436  3010               	movlw	16
  5218     0437  0231               	subwf	display_power_screen@i_166,w
  5219     0438  1C03               	skipc
  5220     0439  2C3B               	goto	u1721
  5221     043A  2C3C               	goto	u1720
  5222     043B                     u1721:
  5223     043B  2C1B               	goto	l2131
  5224     043C                     u1720:
  5225     043C                     l2139:
  5226                           
  5227                           ;micro_oven.c: 59:     clcd_print("EMERTXE", (0xC0 + 5));
  5228     043C  30D6               	movlw	low (STR_6| (0+32768))
  5229     043D  00F6               	movwf	clcd_print@str
  5230     043E  3085               	movlw	high (STR_6| (0+32768))
  5231     043F  00F7               	movwf	clcd_print@str+1
  5232     0440  30C5               	movlw	197
  5233     0441  00F8               	movwf	clcd_print@addr
  5234     0442  120A  118A  24CF  120A  118A  	fcall	_clcd_print
  5235                           
  5236                           ;micro_oven.c: 61:     clcd_print("Embedded System", (0x90 + 1));
  5237     0447  3032               	movlw	low (STR_7| (0+32768))
  5238     0448  00F6               	movwf	clcd_print@str
  5239     0449  3085               	movlw	high (STR_7| (0+32768))
  5240     044A  00F7               	movwf	clcd_print@str+1
  5241     044B  3091               	movlw	145
  5242     044C  00F8               	movwf	clcd_print@addr
  5243     044D  120A  118A  24CF  120A  118A  	fcall	_clcd_print
  5244                           
  5245                           ;micro_oven.c: 62:     clcd_print("Internship", (0xD0 + 2));
  5246     0452  30B9               	movlw	low (STR_8| (0+32768))
  5247     0453  00F6               	movwf	clcd_print@str
  5248     0454  3085               	movlw	high (STR_8| (0+32768))
  5249     0455  00F7               	movwf	clcd_print@str+1
  5250     0456  30D2               	movlw	210
  5251     0457  00F8               	movwf	clcd_print@addr
  5252     0458  120A  118A  24CF  120A  118A  	fcall	_clcd_print
  5253     045D                     l2141:
  5254                           
  5255                           ;micro_oven.c: 63:     alarm();
  5256     045D  120A  158A  247A  120A  118A  	fcall	_alarm
  5257     0462                     l2143:
  5258                           
  5259                           ;micro_oven.c: 64:     _delay((unsigned long)((3000)*(20000000/4000.0)));
  5260     0462  304D               	movlw	77
  5261     0463  1283               	bcf	3,5	;RP0=0, select bank0
  5262     0464  1303               	bcf	3,6	;RP1=0, select bank0
  5263     0465  00AC               	movwf	??_display_power_screen+2
  5264     0466  3019               	movlw	25
  5265     0467  00AB               	movwf	??_display_power_screen+1
  5266     0468  304F               	movlw	79
  5267     0469  00AA               	movwf	??_display_power_screen
  5268     046A                     u3107:
  5269     046A  0BAA               	decfsz	??_display_power_screen,f
  5270     046B  2C6A               	goto	u3107
  5271     046C  0BAB               	decfsz	??_display_power_screen+1,f
  5272     046D  2C6A               	goto	u3107
  5273     046E  0BAC               	decfsz	??_display_power_screen+2,f
  5274     046F  2C6A               	goto	u3107
  5275     0470                     l2145:
  5276                           
  5277                           ;micro_oven.c: 65:     clear_screen();
  5278     0470  120A  158A  242B  120A  118A  	fcall	_clear_screen
  5279     0475                     l234:
  5280     0475  0008               	return
  5281     0476                     __end_of_display_power_screen:
  5282                           
  5283                           	psect	text19
  5284     0C2B                     __ptext19:	
  5285 ;; *************** function _clear_screen *****************
  5286 ;; Defined at:
  5287 ;;		line 74 in file "clcd.c"
  5288 ;; Parameters:    Size  Location     Type
  5289 ;;		None
  5290 ;; Auto vars:     Size  Location     Type
  5291 ;;		None
  5292 ;; Return value:  Size  Location     Type
  5293 ;;                  1    wreg      void 
  5294 ;; Registers used:
  5295 ;;		wreg, status,2, status,0, pclath, cstack
  5296 ;; Tracked objects:
  5297 ;;		On entry : 0/0
  5298 ;;		On exit  : 0/0
  5299 ;;		Unchanged: 0/0
  5300 ;; Data sizes:     COMMON   BANK0   BANK1   BANK3   BANK2
  5301 ;;      Params:         0       0       0       0       0
  5302 ;;      Locals:         0       0       0       0       0
  5303 ;;      Temps:          2       0       0       0       0
  5304 ;;      Totals:         2       0       0       0       0
  5305 ;;Total ram usage:        2 bytes
  5306 ;; Hardware stack levels used: 1
  5307 ;; Hardware stack levels required when called: 1
  5308 ;; This function calls:
  5309 ;;		_clcd_write
  5310 ;; This function is called by:
  5311 ;;		_main
  5312 ;;		_display_power_screen
  5313 ;;		_set_time
  5314 ;;		_set_temp
  5315 ;;		_display_time
  5316 ;; This function uses a non-reentrant model
  5317 ;;
  5318                           
  5319     0C2B                     _clear_screen:	
  5320                           ;psect for function _clear_screen
  5321                           
  5322     0C2B                     l1721:	
  5323                           ;incstack = 0
  5324                           ; Regs used in _clear_screen: [wreg+status,2+status,0+pclath+cstack]
  5325                           
  5326                           
  5327                           ;clcd.c: 75:     clcd_write(0x01, 0);
  5328     0C2B  01F2               	clrf	clcd_write@mode
  5329     0C2C  3001               	movlw	1
  5330     0C2D  120A  158A  2510  120A  158A  	fcall	_clcd_write
  5331     0C32                     l1723:
  5332                           
  5333                           ;clcd.c: 76:     _delay((unsigned long)((500)*(20000000/4000000.0)));
  5334     0C32  3004               	movlw	4
  5335     0C33  00F7               	movwf	??_clear_screen+1
  5336     0C34  303D               	movlw	61
  5337     0C35  00F6               	movwf	??_clear_screen
  5338     0C36                     u3117:
  5339     0C36  0BF6               	decfsz	??_clear_screen,f
  5340     0C37  2C36               	goto	u3117
  5341     0C38  0BF7               	decfsz	??_clear_screen+1,f
  5342     0C39  2C36               	goto	u3117
  5343     0C3A  2C3B               	nop2
  5344     0C3B                     l35:
  5345     0C3B  0008               	return
  5346     0C3C                     __end_of_clear_screen:
  5347                           
  5348                           	psect	text20
  5349     0C4F                     __ptext20:	
  5350 ;; *************** function _clcd_putch *****************
  5351 ;; Defined at:
  5352 ;;		line 57 in file "clcd.c"
  5353 ;; Parameters:    Size  Location     Type
  5354 ;;  data            1    wreg     const unsigned char 
  5355 ;;  addr            1    8[BANK0 ] unsigned char 
  5356 ;; Auto vars:     Size  Location     Type
  5357 ;;  data            1    9[BANK0 ] const unsigned char 
  5358 ;; Return value:  Size  Location     Type
  5359 ;;                  1    wreg      void 
  5360 ;; Registers used:
  5361 ;;		wreg, status,2, status,0, pclath, cstack
  5362 ;; Tracked objects:
  5363 ;;		On entry : 0/0
  5364 ;;		On exit  : 0/0
  5365 ;;		Unchanged: 0/0
  5366 ;; Data sizes:     COMMON   BANK0   BANK1   BANK3   BANK2
  5367 ;;      Params:         0       1       0       0       0
  5368 ;;      Locals:         0       1       0       0       0
  5369 ;;      Temps:          0       0       0       0       0
  5370 ;;      Totals:         0       2       0       0       0
  5371 ;;Total ram usage:        2 bytes
  5372 ;; Hardware stack levels used: 1
  5373 ;; Hardware stack levels required when called: 1
  5374 ;; This function calls:
  5375 ;;		_clcd_write
  5376 ;; This function is called by:
  5377 ;;		_display_power_screen
  5378 ;;		_set_time
  5379 ;;		_set_temp
  5380 ;;		_display_time
  5381 ;; This function uses a non-reentrant model
  5382 ;;
  5383                           
  5384     0C4F                     _clcd_putch:	
  5385                           ;psect for function _clcd_putch
  5386                           
  5387                           
  5388                           ;incstack = 0
  5389                           ; Regs used in _clcd_putch: [wreg+status,2+status,0+pclath+cstack]
  5390                           ;clcd_putch@data stored from wreg
  5391     0C4F  1283               	bcf	3,5	;RP0=0, select bank0
  5392     0C50  1303               	bcf	3,6	;RP1=0, select bank0
  5393     0C51  00A9               	movwf	clcd_putch@data
  5394     0C52                     l1711:
  5395                           
  5396                           ;clcd.c: 57: void clcd_putch(const char data, unsigned char addr);clcd.c: 58: {;clcd.c: 
      +                          59:     clcd_write(addr, 0);
  5397     0C52  01F2               	clrf	clcd_write@mode
  5398     0C53  0828               	movf	clcd_putch@addr,w
  5399     0C54  120A  158A  2510  120A  158A  	fcall	_clcd_write
  5400                           
  5401                           ;clcd.c: 60:     clcd_write(data, 1);
  5402     0C59  01F2               	clrf	clcd_write@mode
  5403     0C5A  0AF2               	incf	clcd_write@mode,f
  5404     0C5B  1283               	bcf	3,5	;RP0=0, select bank0
  5405     0C5C  1303               	bcf	3,6	;RP1=0, select bank0
  5406     0C5D  0829               	movf	clcd_putch@data,w
  5407     0C5E  120A  158A  2510  120A  158A  	fcall	_clcd_write
  5408     0C63                     l26:
  5409     0C63  0008               	return
  5410     0C64                     __end_of_clcd_putch:
  5411                           
  5412                           	psect	text21
  5413     0C7A                     __ptext21:	
  5414 ;; *************** function _alarm *****************
  5415 ;; Defined at:
  5416 ;;		line 296 in file "micro_oven.c"
  5417 ;; Parameters:    Size  Location     Type
  5418 ;;		None
  5419 ;; Auto vars:     Size  Location     Type
  5420 ;;		None
  5421 ;; Return value:  Size  Location     Type
  5422 ;;                  1    wreg      void 
  5423 ;; Registers used:
  5424 ;;		wreg
  5425 ;; Tracked objects:
  5426 ;;		On entry : 0/0
  5427 ;;		On exit  : 0/0
  5428 ;;		Unchanged: 0/0
  5429 ;; Data sizes:     COMMON   BANK0   BANK1   BANK3   BANK2
  5430 ;;      Params:         0       0       0       0       0
  5431 ;;      Locals:         0       0       0       0       0
  5432 ;;      Temps:          3       0       0       0       0
  5433 ;;      Totals:         3       0       0       0       0
  5434 ;;Total ram usage:        3 bytes
  5435 ;; Hardware stack levels used: 1
  5436 ;; Hardware stack levels required when called: 1
  5437 ;; This function calls:
  5438 ;;		Nothing
  5439 ;; This function is called by:
  5440 ;;		_scan_keypad
  5441 ;;		_display_power_screen
  5442 ;; This function uses a non-reentrant model
  5443 ;;
  5444                           
  5445     0C7A                     _alarm:	
  5446                           ;psect for function _alarm
  5447                           
  5448     0C7A                     l1697:	
  5449                           ;incstack = 0
  5450                           ; Regs used in _alarm: [wreg]
  5451                           
  5452                           
  5453                           ;micro_oven.c: 299:         RC1=1;
  5454     0C7A  1283               	bcf	3,5	;RP0=0, select bank0
  5455     0C7B  1303               	bcf	3,6	;RP1=0, select bank0
  5456     0C7C  1487               	bsf	7,1	;volatile
  5457     0C7D                     l1699:
  5458                           
  5459                           ;micro_oven.c: 300:         _delay((unsigned long)((100)*(20000000/4000.0)));
  5460     0C7D  3003               	movlw	3
  5461     0C7E  00F4               	movwf	??_alarm+2
  5462     0C7F  308A               	movlw	138
  5463     0C80  00F3               	movwf	??_alarm+1
  5464     0C81  3055               	movlw	85
  5465     0C82  00F2               	movwf	??_alarm
  5466     0C83                     u3127:
  5467     0C83  0BF2               	decfsz	??_alarm,f
  5468     0C84  2C83               	goto	u3127
  5469     0C85  0BF3               	decfsz	??_alarm+1,f
  5470     0C86  2C83               	goto	u3127
  5471     0C87  0BF4               	decfsz	??_alarm+2,f
  5472     0C88  2C83               	goto	u3127
  5473     0C89  2C8A               	nop2
  5474     0C8A                     l1701:
  5475                           
  5476                           ;micro_oven.c: 301:         RC1=0;
  5477     0C8A  1283               	bcf	3,5	;RP0=0, select bank0
  5478     0C8B  1303               	bcf	3,6	;RP1=0, select bank0
  5479     0C8C  1087               	bcf	7,1	;volatile
  5480                           
  5481                           ;micro_oven.c: 302:         _delay((unsigned long)((100)*(20000000/4000.0)));
  5482     0C8D  3003               	movlw	3
  5483     0C8E  00F4               	movwf	??_alarm+2
  5484     0C8F  308A               	movlw	138
  5485     0C90  00F3               	movwf	??_alarm+1
  5486     0C91  3055               	movlw	85
  5487     0C92  00F2               	movwf	??_alarm
  5488     0C93                     u3137:
  5489     0C93  0BF2               	decfsz	??_alarm,f
  5490     0C94  2C93               	goto	u3137
  5491     0C95  0BF3               	decfsz	??_alarm+1,f
  5492     0C96  2C93               	goto	u3137
  5493     0C97  0BF4               	decfsz	??_alarm+2,f
  5494     0C98  2C93               	goto	u3137
  5495     0C99  2C9A               	nop2
  5496     0C9A                     l298:
  5497     0C9A  0008               	return
  5498     0C9B                     __end_of_alarm:
  5499                           
  5500                           	psect	text22
  5501     0CE3                     __ptext22:	
  5502 ;; *************** function _display_modes *****************
  5503 ;; Defined at:
  5504 ;;		line 67 in file "micro_oven.c"
  5505 ;; Parameters:    Size  Location     Type
  5506 ;;		None
  5507 ;; Auto vars:     Size  Location     Type
  5508 ;;		None
  5509 ;; Return value:  Size  Location     Type
  5510 ;;                  1    wreg      void 
  5511 ;; Registers used:
  5512 ;;		wreg, fsr0l, fsr0h, status,2, status,0, pclath, btemp1, cstack
  5513 ;; Tracked objects:
  5514 ;;		On entry : 0/0
  5515 ;;		On exit  : 0/0
  5516 ;;		Unchanged: 0/0
  5517 ;; Data sizes:     COMMON   BANK0   BANK1   BANK3   BANK2
  5518 ;;      Params:         0       0       0       0       0
  5519 ;;      Locals:         0       0       0       0       0
  5520 ;;      Temps:          0       0       0       0       0
  5521 ;;      Totals:         0       0       0       0       0
  5522 ;;Total ram usage:        0 bytes
  5523 ;; Hardware stack levels used: 1
  5524 ;; Hardware stack levels required when called: 2
  5525 ;; This function calls:
  5526 ;;		_clcd_print
  5527 ;; This function is called by:
  5528 ;;		_main
  5529 ;; This function uses a non-reentrant model
  5530 ;;
  5531                           
  5532     0CE3                     _display_modes:	
  5533                           ;psect for function _display_modes
  5534                           
  5535     0CE3                     l2147:	
  5536                           ;incstack = 0
  5537                           ; Regs used in _display_modes: [wreg-fsr0h+status,2+status,0+pclath+btemp1+cstack]
  5538                           
  5539                           
  5540                           ;micro_oven.c: 69:     clcd_print("1.Micro", (0x80 + 3));
  5541     0CE3  30EE               	movlw	low (STR_9| (0+32768))
  5542     0CE4  00F6               	movwf	clcd_print@str
  5543     0CE5  3085               	movlw	high (STR_9| (0+32768))
  5544     0CE6  00F7               	movwf	clcd_print@str+1
  5545     0CE7  3083               	movlw	131
  5546     0CE8  00F8               	movwf	clcd_print@addr
  5547     0CE9  120A  118A  24CF  120A  158A  	fcall	_clcd_print
  5548                           
  5549                           ;micro_oven.c: 70:     clcd_print("2.Grill", (0xC0 + 3));
  5550     0CEE  30E6               	movlw	low (STR_10| (0+32768))
  5551     0CEF  00F6               	movwf	clcd_print@str
  5552     0CF0  3085               	movlw	high (STR_10| (0+32768))
  5553     0CF1  00F7               	movwf	clcd_print@str+1
  5554     0CF2  30C3               	movlw	195
  5555     0CF3  00F8               	movwf	clcd_print@addr
  5556     0CF4  120A  118A  24CF  120A  158A  	fcall	_clcd_print
  5557                           
  5558                           ;micro_oven.c: 71:     clcd_print("3.Convection", (0x90 + 3));
  5559     0CF9  307B               	movlw	low (STR_11| (0+32768))
  5560     0CFA  00F6               	movwf	clcd_print@str
  5561     0CFB  3085               	movlw	high (STR_11| (0+32768))
  5562     0CFC  00F7               	movwf	clcd_print@str+1
  5563     0CFD  3093               	movlw	147
  5564     0CFE  00F8               	movwf	clcd_print@addr
  5565     0CFF  120A  118A  24CF  120A  158A  	fcall	_clcd_print
  5566                           
  5567                           ;micro_oven.c: 72:     clcd_print("4.Start", (0xD0 + 3));
  5568     0D04  30F6               	movlw	low (STR_12| (0+32768))
  5569     0D05  00F6               	movwf	clcd_print@str
  5570     0D06  3085               	movlw	high (STR_12| (0+32768))
  5571     0D07  00F7               	movwf	clcd_print@str+1
  5572     0D08  30D3               	movlw	211
  5573     0D09  00F8               	movwf	clcd_print@addr
  5574     0D0A  120A  118A  24CF  120A  158A  	fcall	_clcd_print
  5575     0D0F                     l237:
  5576     0D0F  0008               	return
  5577     0D10                     __end_of_display_modes:
  5578                           
  5579                           	psect	text23
  5580     04CF                     __ptext23:	
  5581 ;; *************** function _clcd_print *****************
  5582 ;; Defined at:
  5583 ;;		line 63 in file "clcd.c"
  5584 ;; Parameters:    Size  Location     Type
  5585 ;;  str             2    6[COMMON] PTR const unsigned char 
  5586 ;;		 -> STR_26(17), STR_25(8), STR_24(7), STR_23(8), 
  5587 ;;		 -> STR_22(15), STR_21(7), STR_20(11), STR_19(13), 
  5588 ;;		 -> STR_18(16), STR_17(6), STR_16(14), STR_15(16), 
  5589 ;;		 -> STR_14(6), STR_13(17), STR_12(8), STR_11(13), 
  5590 ;;		 -> STR_10(8), STR_9(8), STR_8(11), STR_7(16), 
  5591 ;;		 -> STR_6(8), STR_5(10), STR_4(13), STR_3(15), 
  5592 ;;		 -> STR_2(12), STR_1(13), 
  5593 ;;  addr            1    8[COMMON] unsigned char 
  5594 ;; Auto vars:     Size  Location     Type
  5595 ;;		None
  5596 ;; Return value:  Size  Location     Type
  5597 ;;                  1    wreg      void 
  5598 ;; Registers used:
  5599 ;;		wreg, fsr0l, fsr0h, status,2, status,0, pclath, btemp1, cstack
  5600 ;; Tracked objects:
  5601 ;;		On entry : 0/0
  5602 ;;		On exit  : 0/0
  5603 ;;		Unchanged: 0/0
  5604 ;; Data sizes:     COMMON   BANK0   BANK1   BANK3   BANK2
  5605 ;;      Params:         3       0       0       0       0
  5606 ;;      Locals:         0       0       0       0       0
  5607 ;;      Temps:          0       0       0       0       0
  5608 ;;      Totals:         3       0       0       0       0
  5609 ;;Total ram usage:        3 bytes
  5610 ;; Hardware stack levels used: 1
  5611 ;; Hardware stack levels required when called: 1
  5612 ;; This function calls:
  5613 ;;		_clcd_write
  5614 ;; This function is called by:
  5615 ;;		_main
  5616 ;;		_display_power_screen
  5617 ;;		_display_modes
  5618 ;;		_set_time
  5619 ;;		_set_temp
  5620 ;;		_display_time
  5621 ;; This function uses a non-reentrant model
  5622 ;;
  5623                           
  5624     04CF                     _clcd_print:	
  5625                           ;psect for function _clcd_print
  5626                           
  5627     04CF                     l1713:	
  5628                           ;incstack = 0
  5629                           ; Regs used in _clcd_print: [wreg-fsr0h+status,2+status,0+pclath+btemp1+cstack]
  5630                           
  5631                           
  5632                           ;clcd.c: 63: void clcd_print(const char *str, unsigned char addr);clcd.c: 64: {;clcd.c: 
      +                          65:     clcd_write(addr, 0);
  5633     04CF  01F2               	clrf	clcd_write@mode
  5634     04D0  0878               	movf	clcd_print@addr,w
  5635     04D1  120A  158A  2510  120A  118A  	fcall	_clcd_write
  5636                           
  5637                           ;clcd.c: 67:     while (*str != '\0')
  5638     04D6  2CED               	goto	l1719
  5639     04D7                     l1715:
  5640                           
  5641                           ;clcd.c: 68:     {;clcd.c: 69:         clcd_write(*str, 1);
  5642     04D7  01F2               	clrf	clcd_write@mode
  5643     04D8  0AF2               	incf	clcd_write@mode,f
  5644     04D9  0877               	movf	clcd_print@str+1,w
  5645     04DA  00FF               	movwf	btemp1
  5646     04DB  0876               	movf	clcd_print@str,w
  5647     04DC  0084               	movwf	4
  5648     04DD  120A  118A  27EE  120A  118A  	fcall	stringtab
  5649     04E2  120A  158A  2510  120A  118A  	fcall	_clcd_write
  5650     04E7                     l1717:
  5651                           
  5652                           ;clcd.c: 70:         str++;
  5653     04E7  3001               	movlw	1
  5654     04E8  07F6               	addwf	clcd_print@str,f
  5655     04E9  1803               	skipnc
  5656     04EA  0AF7               	incf	clcd_print@str+1,f
  5657     04EB  3000               	movlw	0
  5658     04EC  07F7               	addwf	clcd_print@str+1,f
  5659     04ED                     l1719:
  5660                           
  5661                           ;clcd.c: 67:     while (*str != '\0')
  5662     04ED  0877               	movf	clcd_print@str+1,w
  5663     04EE  1283               	bcf	3,5	;RP0=0, select bank0
  5664     04EF  1303               	bcf	3,6	;RP1=0, select bank0
  5665     04F0  00FF               	movwf	btemp1
  5666     04F1  0876               	movf	clcd_print@str,w
  5667     04F2  0084               	movwf	4
  5668     04F3  120A  118A  27EE  120A  118A  	fcall	stringtab
  5669     04F8  3A00               	xorlw	0
  5670     04F9  1D03               	skipz
  5671     04FA  2CFC               	goto	u1111
  5672     04FB  2CFD               	goto	u1110
  5673     04FC                     u1111:
  5674     04FC  2CD7               	goto	l1715
  5675     04FD                     u1110:
  5676     04FD                     l32:
  5677     04FD  0008               	return
  5678     04FE                     __end_of_clcd_print:
  5679                           
  5680                           	psect	text24
  5681     0D10                     __ptext24:	
  5682 ;; *************** function _clcd_write *****************
  5683 ;; Defined at:
  5684 ;;		line 4 in file "clcd.c"
  5685 ;; Parameters:    Size  Location     Type
  5686 ;;  byte            1    wreg     unsigned char 
  5687 ;;  mode            1    2[COMMON] unsigned char 
  5688 ;; Auto vars:     Size  Location     Type
  5689 ;;  byte            1    5[COMMON] unsigned char 
  5690 ;; Return value:  Size  Location     Type
  5691 ;;                  1    wreg      void 
  5692 ;; Registers used:
  5693 ;;		wreg, status,2, status,0
  5694 ;; Tracked objects:
  5695 ;;		On entry : 0/0
  5696 ;;		On exit  : 0/0
  5697 ;;		Unchanged: 0/0
  5698 ;; Data sizes:     COMMON   BANK0   BANK1   BANK3   BANK2
  5699 ;;      Params:         1       0       0       0       0
  5700 ;;      Locals:         1       0       0       0       0
  5701 ;;      Temps:          2       0       0       0       0
  5702 ;;      Totals:         4       0       0       0       0
  5703 ;;Total ram usage:        4 bytes
  5704 ;; Hardware stack levels used: 1
  5705 ;; Hardware stack levels required when called: 1
  5706 ;; This function calls:
  5707 ;;		Nothing
  5708 ;; This function is called by:
  5709 ;;		_init_display_controller
  5710 ;;		_clcd_putch
  5711 ;;		_clcd_print
  5712 ;;		_clear_screen
  5713 ;; This function uses a non-reentrant model
  5714 ;;
  5715                           
  5716     0D10                     _clcd_write:	
  5717                           ;psect for function _clcd_write
  5718                           
  5719                           
  5720                           ;incstack = 0
  5721                           ; Regs used in _clcd_write: [wreg+status,2+status,0]
  5722                           ;clcd_write@byte stored from wreg
  5723     0D10  00F5               	movwf	clcd_write@byte
  5724     0D11                     l1653:
  5725                           
  5726                           ;clcd.c: 4: static void clcd_write(unsigned char byte, unsigned char mode);clcd.c: 5: {;
      +                          clcd.c: 6:     RE2 = (__bit)mode;
  5727     0D11  1872               	btfsc	clcd_write@mode,0
  5728     0D12  2D14               	goto	u1081
  5729     0D13  2D18               	goto	u1080
  5730     0D14                     u1081:
  5731     0D14  1283               	bcf	3,5	;RP0=0, select bank0
  5732     0D15  1303               	bcf	3,6	;RP1=0, select bank0
  5733     0D16  1509               	bsf	9,2	;volatile
  5734     0D17  2D1B               	goto	u1094
  5735     0D18                     u1080:
  5736     0D18  1283               	bcf	3,5	;RP0=0, select bank0
  5737     0D19  1303               	bcf	3,6	;RP1=0, select bank0
  5738     0D1A  1109               	bcf	9,2	;volatile
  5739     0D1B                     u1094:
  5740     0D1B                     l1655:
  5741                           
  5742                           ;clcd.c: 8:     PORTD = byte & 0xF0;
  5743     0D1B  0875               	movf	clcd_write@byte,w
  5744     0D1C  39F0               	andlw	240
  5745     0D1D  0088               	movwf	8	;volatile
  5746     0D1E                     l1657:
  5747                           
  5748                           ;clcd.c: 10:     RE1 = 1;
  5749     0D1E  1489               	bsf	9,1	;volatile
  5750     0D1F                     l1659:
  5751                           
  5752                           ;clcd.c: 11:     _delay((unsigned long)((100)*(20000000/4000000.0)));
  5753     0D1F  30A6               	movlw	166
  5754     0D20  00F3               	movwf	??_clcd_write
  5755     0D21                     u3147:
  5756     0D21  0BF3               	decfsz	??_clcd_write,f
  5757     0D22  2D21               	goto	u3147
  5758     0D23  0000               	nop
  5759     0D24                     l1661:
  5760                           
  5761                           ;clcd.c: 12:     RE1 = 0;
  5762     0D24  1283               	bcf	3,5	;RP0=0, select bank0
  5763     0D25  1303               	bcf	3,6	;RP1=0, select bank0
  5764     0D26  1089               	bcf	9,1	;volatile
  5765     0D27                     l1663:
  5766                           
  5767                           ;clcd.c: 14:     PORTD = (unsigned char)((byte & 0x0F) << 4);
  5768     0D27  0875               	movf	clcd_write@byte,w
  5769     0D28  390F               	andlw	15
  5770     0D29  00F3               	movwf	??_clcd_write
  5771     0D2A  3003               	movlw	3
  5772     0D2B                     u1105:
  5773     0D2B  1003               	clrc
  5774     0D2C  0DF3               	rlf	??_clcd_write,f
  5775     0D2D  3EFF               	addlw	-1
  5776     0D2E  1D03               	skipz
  5777     0D2F  2D2B               	goto	u1105
  5778     0D30  1003               	clrc
  5779     0D31  0D73               	rlf	??_clcd_write,w
  5780     0D32  0088               	movwf	8	;volatile
  5781     0D33                     l1665:
  5782                           
  5783                           ;clcd.c: 15:     RE1 = 1;
  5784     0D33  1489               	bsf	9,1	;volatile
  5785     0D34                     l1667:
  5786                           
  5787                           ;clcd.c: 16:     _delay((unsigned long)((100)*(20000000/4000000.0)));
  5788     0D34  30A6               	movlw	166
  5789     0D35  00F3               	movwf	??_clcd_write
  5790     0D36                     u3157:
  5791     0D36  0BF3               	decfsz	??_clcd_write,f
  5792     0D37  2D36               	goto	u3157
  5793     0D38  0000               	nop
  5794     0D39                     l1669:
  5795                           
  5796                           ;clcd.c: 17:     RE1 = 0;
  5797     0D39  1283               	bcf	3,5	;RP0=0, select bank0
  5798     0D3A  1303               	bcf	3,6	;RP1=0, select bank0
  5799     0D3B  1089               	bcf	9,1	;volatile
  5800     0D3C                     l1671:
  5801                           
  5802                           ;clcd.c: 19:     _delay((unsigned long)((4100)*(20000000/4000000.0)));
  5803     0D3C  301B               	movlw	27
  5804     0D3D  00F4               	movwf	??_clcd_write+1
  5805     0D3E  309E               	movlw	158
  5806     0D3F  00F3               	movwf	??_clcd_write
  5807     0D40                     u3167:
  5808     0D40  0BF3               	decfsz	??_clcd_write,f
  5809     0D41  2D40               	goto	u3167
  5810     0D42  0BF4               	decfsz	??_clcd_write+1,f
  5811     0D43  2D40               	goto	u3167
  5812     0D44  0000               	nop
  5813     0D45                     l17:
  5814     0D45  0008               	return
  5815     0D46                     __end_of_clcd_write:
  5816                           
  5817                           	psect	text25
  5818     0D80                     __ptext25:	
  5819 ;; *************** function _isr *****************
  5820 ;; Defined at:
  5821 ;;		line 7 in file "isr.c"
  5822 ;; Parameters:    Size  Location     Type
  5823 ;;		None
  5824 ;; Auto vars:     Size  Location     Type
  5825 ;;		None
  5826 ;; Return value:  Size  Location     Type
  5827 ;;                  1    wreg      void 
  5828 ;; Registers used:
  5829 ;;		wreg, status,2, status,0
  5830 ;; Tracked objects:
  5831 ;;		On entry : 0/0
  5832 ;;		On exit  : 0/0
  5833 ;;		Unchanged: 0/0
  5834 ;; Data sizes:     COMMON   BANK0   BANK1   BANK3   BANK2
  5835 ;;      Params:         0       0       0       0       0
  5836 ;;      Locals:         0       0       0       0       0
  5837 ;;      Temps:          2       0       0       0       0
  5838 ;;      Totals:         2       0       0       0       0
  5839 ;;Total ram usage:        2 bytes
  5840 ;; Hardware stack levels used: 1
  5841 ;; This function calls:
  5842 ;;		Nothing
  5843 ;; This function is called by:
  5844 ;;		Interrupt level 1
  5845 ;; This function uses a non-reentrant model
  5846 ;;
  5847                           
  5848     0D80                     _isr:	
  5849                           ;psect for function _isr
  5850                           
  5851     0D80                     i1l2433:
  5852                           
  5853                           ;isr.c: 9:     static unsigned int count = 0;;isr.c: 11:     if (TMR2IF == 1)
  5854     0D80  1283               	bcf	3,5	;RP0=0, select bank0
  5855     0D81  1303               	bcf	3,6	;RP1=0, select bank0
  5856     0D82  1C8C               	btfss	12,1	;volatile
  5857     0D83  2D85               	goto	u215_21
  5858     0D84  2D86               	goto	u215_20
  5859     0D85                     u215_21:
  5860     0D85  2DB4               	goto	i1l319
  5861     0D86                     u215_20:
  5862     0D86                     i1l2435:
  5863                           
  5864                           ;isr.c: 12:     {;isr.c: 13:         if (++count == 20000)
  5865     0D86  3001               	movlw	1
  5866     0D87  07F9               	addwf	isr@count,f
  5867     0D88  1803               	skipnc
  5868     0D89  0AFA               	incf	isr@count+1,f
  5869     0D8A  3000               	movlw	0
  5870     0D8B  07FA               	addwf	isr@count+1,f
  5871     0D8C  3020               	movlw	32
  5872     0D8D  0679               	xorwf	isr@count,w
  5873     0D8E  304E               	movlw	78
  5874     0D8F  1903               	skipnz
  5875     0D90  067A               	xorwf	isr@count+1,w
  5876     0D91  1D03               	btfss	3,2
  5877     0D92  2D94               	goto	u216_21
  5878     0D93  2D95               	goto	u216_20
  5879     0D94                     u216_21:
  5880     0D94  2DB3               	goto	i1l2451
  5881     0D95                     u216_20:
  5882     0D95                     i1l2437:
  5883                           
  5884                           ;isr.c: 14:         {;isr.c: 15:             count = 0;
  5885     0D95  01F9               	clrf	isr@count
  5886     0D96  01FA               	clrf	isr@count+1
  5887     0D97                     i1l2439:
  5888                           
  5889                           ;isr.c: 17:             if(sec>0)
  5890     0D97  0842               	movf	_sec,w
  5891     0D98  1903               	btfsc	3,2
  5892     0D99  2D9B               	goto	u217_21
  5893     0D9A  2D9C               	goto	u217_20
  5894     0D9B                     u217_21:
  5895     0D9B  2D9E               	goto	i1l315
  5896     0D9C                     u217_20:
  5897     0D9C                     i1l2441:
  5898                           
  5899                           ;isr.c: 18:             {;isr.c: 19:                 sec--;
  5900     0D9C  3001               	movlw	1
  5901     0D9D  02C2               	subwf	_sec,f
  5902     0D9E                     i1l315:	
  5903                           ;isr.c: 21:             }
  5904                           
  5905                           
  5906                           ;isr.c: 22:             if(sec==0)
  5907     0D9E  0842               	movf	_sec,w
  5908     0D9F  1D03               	btfss	3,2
  5909     0DA0  2DA2               	goto	u218_21
  5910     0DA1  2DA3               	goto	u218_20
  5911     0DA2                     u218_21:
  5912     0DA2  2DAC               	goto	i1l316
  5913     0DA3                     u218_20:
  5914     0DA3                     i1l2443:
  5915                           
  5916                           ;isr.c: 23:             {;isr.c: 24:                 if(minn>0)
  5917     0DA3  0841               	movf	_minn,w
  5918     0DA4  1903               	btfsc	3,2
  5919     0DA5  2DA7               	goto	u219_21
  5920     0DA6  2DA8               	goto	u219_20
  5921     0DA7                     u219_21:
  5922     0DA7  2DAC               	goto	i1l316
  5923     0DA8                     u219_20:
  5924     0DA8                     i1l2445:
  5925                           
  5926                           ;isr.c: 25:                 {;isr.c: 26:                   minn--;
  5927     0DA8  3001               	movlw	1
  5928     0DA9  02C1               	subwf	_minn,f
  5929     0DAA                     i1l2447:
  5930                           
  5931                           ;isr.c: 28:                   sec=60;
  5932     0DAA  303C               	movlw	60
  5933     0DAB  00C2               	movwf	_sec
  5934     0DAC                     i1l316:	
  5935                           ;isr.c: 31:             }
  5936                           
  5937                           
  5938                           ;isr.c: 32:             if(pre_heat>0){
  5939     0DAC  0840               	movf	_pre_heat,w
  5940     0DAD  1903               	btfsc	3,2
  5941     0DAE  2DB0               	goto	u220_21
  5942     0DAF  2DB1               	goto	u220_20
  5943     0DB0                     u220_21:
  5944     0DB0  2DB3               	goto	i1l2451
  5945     0DB1                     u220_20:
  5946     0DB1                     i1l2449:
  5947                           
  5948                           ;isr.c: 33:                 pre_heat--;
  5949     0DB1  3001               	movlw	1
  5950     0DB2  02C0               	subwf	_pre_heat,f
  5951     0DB3                     i1l2451:
  5952                           
  5953                           ;isr.c: 40:         TMR2IF = 0;
  5954     0DB3  108C               	bcf	12,1	;volatile
  5955     0DB4                     i1l319:
  5956     0DB4  0871               	movf	??_isr+1,w
  5957     0DB5  008A               	movwf	10
  5958     0DB6  0E70               	swapf	??_isr,w
  5959     0DB7  0083               	movwf	3
  5960     0DB8  0EFE               	swapf	btemp,f
  5961     0DB9  0E7E               	swapf	btemp,w
  5962     0DBA  0009               	retfie
  5963     0DBB                     __end_of_isr:
  5964     0002                     ___latbits      equ	2
  5965     007E                     btemp           set	126	;btemp
  5966     007E                     btemp0          set	126
  5967     007F                     btemp1          set	127
  5968     007E                     wtemp0          set	126
  5969     007F                     wtemp0a         set	127
  5970     007F                     ttemp0a         set	127
  5971     0080                     ltemp0a         set	128
  5972                           
  5973                           	psect	intentry
  5974     0004                     __pintentry:	
  5975                           ;incstack = 0
  5976                           ; Regs used in _isr: [wreg+status,2+status,0]
  5977                           
  5978     0004                     interrupt_function:
  5979     007E                     saved_w         set	btemp
  5980     0004  00FE               	movwf	btemp
  5981     0005  0E03               	swapf	3,w
  5982     0006  00F0               	movwf	??_isr
  5983     0007  080A               	movf	10,w
  5984     0008  00F1               	movwf	??_isr+1
  5985     0009  120A  158A  2D80   	ljmp	_isr
  5986                           
  5987                           	psect	config
  5988                           
  5989                           ;Config register CONFIG @ 0x2007
  5990                           ;	Oscillator Selection bits
  5991                           ;	FOSC = 0x3, unprogrammed default
  5992                           ;	Watchdog Timer Enable bit
  5993                           ;	WDTE = OFF, WDT disabled
  5994                           ;	Power-up Timer Enable bit
  5995                           ;	PWRTE = 0x1, unprogrammed default
  5996                           ;	Brown-out Reset Enable bit
  5997                           ;	BOREN = 0x1, unprogrammed default
  5998                           ;	Low-Voltage (Single-Supply) In-Circuit Serial Programming Enable bit
  5999                           ;	LVP = 0x1, unprogrammed default
  6000                           ;	Data EEPROM Memory Code Protection bit
  6001                           ;	CPD = 0x1, unprogrammed default
  6002                           ;	Flash Program Memory Write Enable bits
  6003                           ;	WRT = 0x3, unprogrammed default
  6004                           ;	In-Circuit Debugger Mode bit
  6005                           ;	DEBUG = 0x1, unprogrammed default
  6006                           ;	Flash Program Memory Code Protection bit
  6007                           ;	CP = 0x1, unprogrammed default
  6008     2007                     	org	8199
  6009     2007  3FFB               	dw	16379

Data Sizes:
    Strings     280
    Constant    0
    Data        2
    BSS         14
    Persistent  0
    Stack       0

Auto Spaces:
    Space          Size  Autos    Used
    COMMON           14      9      12
    BANK0            80     23      36
    BANK1            80      0       0
    BANK3            96      0       0
    BANK2            96      0       0

Pointer List with Targets:

    clcd_print@str	PTR const unsigned char  size(2) Largest target is 17
		 -> STR_1(CODE[13]), STR_10(CODE[8]), STR_11(CODE[13]), STR_12(CODE[8]), 
		 -> STR_13(CODE[17]), STR_14(CODE[6]), STR_15(CODE[16]), STR_16(CODE[14]), 
		 -> STR_17(CODE[6]), STR_18(CODE[16]), STR_19(CODE[13]), STR_2(CODE[12]), 
		 -> STR_20(CODE[11]), STR_21(CODE[7]), STR_22(CODE[15]), STR_23(CODE[8]), 
		 -> STR_24(CODE[7]), STR_25(CODE[8]), STR_26(CODE[17]), STR_3(CODE[15]), 
		 -> STR_4(CODE[13]), STR_5(CODE[10]), STR_6(CODE[8]), STR_7(CODE[16]), 
		 -> STR_8(CODE[11]), STR_9(CODE[8]), 


Critical Paths under _main in COMMON

    _main->_clcd_print
    _main->_read_matrix_keypad
    _set_time->_clcd_print
    _set_temp->___lwdiv
    _set_temp->_clcd_print
    ___lwmod->___lwdiv
    _read_matrix_keypad->_scan_keypad
    _scan_keypad->_alarm
    _init_clcd->_init_display_controller
    _init_display_controller->_clcd_write
    _display_time->_clcd_print
    ___awmod->___awdiv
    _display_power_screen->_clcd_print
    _clear_screen->_clcd_write
    _clcd_putch->___lwdiv
    _display_modes->_clcd_print
    _clcd_print->_clcd_write

Critical Paths under _isr in COMMON

    None.

Critical Paths under _main in BANK0

    _main->_display_power_screen
    _set_time->_clcd_putch
    _set_temp->_clcd_putch
    _display_time->_clcd_putch
    ___awmod->___awdiv
    _display_power_screen->_clcd_putch
    _clcd_putch->___awmod

Critical Paths under _isr in BANK0

    None.

Critical Paths under _main in BANK1

    None.

Critical Paths under _isr in BANK1

    None.

Critical Paths under _main in BANK3

    None.

Critical Paths under _isr in BANK3

    None.

Critical Paths under _main in BANK2

    None.

Critical Paths under _isr in BANK2

    None.

Call Graph Tables:

 ---------------------------------------------------------------------------------
 (Depth) Function   	        Calls       Base Space   Used Autos Params    Refs
 ---------------------------------------------------------------------------------
 (0) _main                                                 5     5      0    7513
                                             18 BANK0      5     5      0
                         _clcd_print
                       _clear_screen
                      _display_modes
               _display_power_screen
                       _display_time
                          _heat_food
                        _init_config
                 _read_matrix_keypad
                           _set_temp
                           _set_time
 ---------------------------------------------------------------------------------
 (1) _set_time                                             4     3      1    1764
                                             10 BANK0      4     3      1
                            ___awdiv
                            ___awmod
                             ___bmul
                         _clcd_print
                         _clcd_putch
                       _clear_screen
 ---------------------------------------------------------------------------------
 (2) ___bmul                                               3     2      1       6
                                              2 COMMON     3     2      1
 ---------------------------------------------------------------------------------
 (1) _set_temp                                             5     4      1    2215
                                             10 BANK0      5     4      1
                            ___awdiv
                            ___awmod
                            ___lwdiv
                            ___lwmod
                             ___wmul
                         _clcd_print
                         _clcd_putch
                       _clear_screen
 ---------------------------------------------------------------------------------
 (2) ___wmul                                               6     2      4      94
                                              2 COMMON     6     2      4
 ---------------------------------------------------------------------------------
 (2) ___lwmod                                              5     1      4     244
                                              0 BANK0      5     1      4
                            ___lwdiv (ARG)
 ---------------------------------------------------------------------------------
 (2) ___lwdiv                                              7     3      4     166
                                              2 COMMON     7     3      4
 ---------------------------------------------------------------------------------
 (1) _read_matrix_keypad                                   2     2      0     279
                                              7 COMMON     2     2      0
                        _scan_keypad
 ---------------------------------------------------------------------------------
 (2) _scan_keypad                                          2     2      0     161
                                              5 COMMON     2     2      0
                              _alarm
 ---------------------------------------------------------------------------------
 (1) _init_config                                          0     0      0      92
                          _init_clcd
                 _init_matrix_keypad
                        _init_timer2
 ---------------------------------------------------------------------------------
 (2) _init_timer2                                          0     0      0       0
 ---------------------------------------------------------------------------------
 (2) _init_matrix_keypad                                   0     0      0       0
 ---------------------------------------------------------------------------------
 (2) _init_clcd                                            0     0      0      92
            _init_display_controller
 ---------------------------------------------------------------------------------
 (3) _init_display_controller                              2     2      0      92
                                              6 COMMON     2     2      0
                         _clcd_write
 ---------------------------------------------------------------------------------
 (1) _heat_food                                            0     0      0       0
 ---------------------------------------------------------------------------------
 (1) _display_time                                         3     3      0    1386
                                             10 BANK0      3     3      0
                            ___awdiv
                            ___awmod
                         _clcd_print
                         _clcd_putch
                       _clear_screen
 ---------------------------------------------------------------------------------
 (2) ___awmod                                              6     2      4     453
                                              6 COMMON     2     2      0
                                              4 BANK0      4     0      4
                            ___awdiv (ARG)
 ---------------------------------------------------------------------------------
 (2) ___awdiv                                              8     4      4     459
                                              2 COMMON     4     0      4
                                              0 BANK0      4     4      0
 ---------------------------------------------------------------------------------
 (1) _display_power_screen                                 8     8      0     814
                                             10 BANK0      8     8      0
                              _alarm
                         _clcd_print
                         _clcd_putch
                       _clear_screen
 ---------------------------------------------------------------------------------
 (2) _clear_screen                                         2     2      0      92
                                              6 COMMON     2     2      0
                         _clcd_write
 ---------------------------------------------------------------------------------
 (2) _clcd_putch                                           2     1      1     171
                                              8 BANK0      2     1      1
                            ___awdiv (ARG)
                            ___awmod (ARG)
                            ___lwdiv (ARG)
                            ___lwmod (ARG)
                         _clcd_write
 ---------------------------------------------------------------------------------
 (3) _alarm                                                3     3      0       0
                                              2 COMMON     3     3      0
 ---------------------------------------------------------------------------------
 (1) _display_modes                                        0     0      0     211
                         _clcd_print
 ---------------------------------------------------------------------------------
 (2) _clcd_print                                           3     0      3     211
                                              6 COMMON     3     0      3
                         _clcd_write
 ---------------------------------------------------------------------------------
 (4) _clcd_write                                           4     3      1      92
                                              2 COMMON     4     3      1
 ---------------------------------------------------------------------------------
 Estimated maximum stack depth 4
 ---------------------------------------------------------------------------------
 (Depth) Function   	        Calls       Base Space   Used Autos Params    Refs
 ---------------------------------------------------------------------------------
 (5) _isr                                                  2     2      0       0
                                              0 COMMON     2     2      0
 ---------------------------------------------------------------------------------
 Estimated maximum stack depth 5
 ---------------------------------------------------------------------------------

 Call Graph Graphs:

 _main (ROOT)
   _clcd_print
     _clcd_write
   _clear_screen
     _clcd_write
   _display_modes
     _clcd_print
   _display_power_screen
     _alarm
     _clcd_print
     _clcd_putch
       ___awdiv (ARG)
       ___awmod (ARG)
         ___awdiv (ARG)
       ___lwdiv (ARG)
       ___lwmod (ARG)
         ___lwdiv (ARG)
       _clcd_write (ARG)
     _clear_screen
   _display_time
     ___awdiv
     ___awmod
     _clcd_print
     _clcd_putch
     _clear_screen
   _heat_food
   _init_config
     _init_clcd
       _init_display_controller
         _clcd_write
     _init_matrix_keypad
     _init_timer2
   _read_matrix_keypad
     _scan_keypad
       _alarm
   _set_temp
     ___awdiv
     ___awmod
     ___lwdiv
     ___lwmod
     ___wmul
     _clcd_print
     _clcd_putch
     _clear_screen
   _set_time
     ___awdiv
     ___awmod
     ___bmul
     _clcd_print
     _clcd_putch
     _clear_screen

 _isr (ROOT)

Address spaces:
Name               Size   Autos  Total    Usage
BANK3               96      0       0      0.0%
BITBANK3            96      0       0      0.0%
BANK2               96      0       0      0.0%
BITBANK2            96      0       0      0.0%
BANK1               80      0       0      0.0%
BITBANK1            80      0       0      0.0%
BANK0               80     23      36     45.0%
BITBANK0            80      0       0      0.0%
COMMON              14      9      12     85.7%
BITCOMMON           14      0       0      0.0%
DATA                 0      0      48      0.0%
STACK                0      0       0      0.0%


Microchip Technology PIC Macro Assembler V3.10 build 20250813170317 
Symbol Table                                                                                   Wed Jan 14 21:44:35 2026

                              pc 0002                   ___bmul@product 0073                   clcd_print@addr 0078  
                             l20 07ED                               l23 0C1A                               l32 04FD  
                             l17 0D45                               l26 0C63                               l35 0C3B  
                             l82 0C79                               l98 069A                     ___awdiv@sign 0021  
                             fsr 0004              ___wmul@multiplicand 0074               _init_matrix_keypad 0C1B  
                            l115 06F9                              l116 06FC                              l108 071E  
                            l150 0E22                              l151 0EF3                              l144 0C2A  
                            l160 0E6B                              l152 0E38                              l153 0E2D  
                            l234 0475                              l171 0ECF                              l172 0EDC  
                            l164 0E91                              l237 0D0F                              l165 0E9E  
                            l157 0E53                              l149 0E15                              l405 0CCA  
                            l174 0EE7                              l166 0EB4                              l158 0E60  
                            l182 0CBD                              l167 0EA9                              l159 0E76  
                            l407 0CE2                              l431 0C4E                              l265 032B  
                            l195 0C05                              l292 0FFF                              l285 0135  
                            l295 0C0F                              l288 01DC                              l298 0C9A  
                            l571 04CE                              l558 078A                              l685 0DFC  
                            l695 0D7F                              _GIE 005F                              _RB0 0030  
                            _RB1 0031                              _RB2 0032                              _RC1 0039  
                            _RC2 003A                              _RD0 0040                              _RD1 0041  
                            _RD2 0042                              _RE1 0049                              _RD3 0043  
                            _RE2 004A                              _PR2 0092                    ?_display_time 0070  
                            _sec 0042                              _isr 0D80                   clcd_putch@addr 0028  
                            fsr0 0004                   clcd_putch@data 0029                              indf 0000  
                   ___awmod@sign 0077              ?_init_matrix_keypad 0070                             l2011 0C64  
                           l2101 03C0                             l2021 0C78                             l2013 0C6E  
                           l2111 03DF                             l2103 03C6                             l2015 0C73  
                           l2023 0C9C                             l2121 0405                             l2113 03E8  
                           l2105 03DC                             l2017 0C74                             l2033 0CA9  
                           l2025 0CA2                             l2131 041B                             l2123 0413  
                           l2115 03F6                             l2019 0C75                             l2035 0CAE  
                           l2027 0CA7                             l2141 045D                             l2133 0424  
                           l2125 0418                             l2117 03FA                             l2061 0338  
                           l2053 032C                             l2037 0CB3                             l2045 0CB5  
                           l2143 0462                             l2135 0432                             l2119 0400  
                           l2063 0346                             l2047 0CBA                             l2145 0470  
                           l2137 0436                             l2081 0384                             l2065 034A  
                           l2049 0CBC                             l2147 0CE3                             l2139 043C  
                           l2083 038A                             l2075 0369                             l2067 0350  
                           l2059 032F                             l1701 0C8A                             l2085 038F  
                           l2077 0372                             l2069 0366                             l2501 0776  
                           l2341 0C0B                             l1711 0C52                             l2095 03A5  
                           l2087 039D                             l2079 0380                             l2503 077C  
                           l2511 0476                             l2343 0C0C                             l1703 0C10  
                           l1713 04CF                             l1721 0C2B                             l2097 03AE  
                           l2089 03A2                             l2505 0781                             l2521 0488  
                           l2513 0477                             l2345 0C0D                             l2337 0C06  
                           l1705 0C13                             l2601 0251                             l1715 04D7  
                           l1723 0C32                             l2099 03BC                             l2507 0786  
                           l2531 049F                             l2523 048D                             l2515 047D  
                           l2339 0C0A                             l1707 0C14                             l1731 0C27  
                           l1811 0E9C                             l2611 0267                             l2603 0254  
                           l1661 0D24                             l1653 0D11                             l1717 04E7  
                           l2533 04A3                             l2525 0493                             l2541 04C0  
                           l2517 0482                             l1709 0C15                             l1733 0C28  
                           l1725 0C1B                             l1805 0E7E                             l1741 0E03  
                           l2701 0061                             l2461 0C46                             l2453 0C3D  
                           l2621 0279                             l2613 0268                             l2605 025A  
                           l1671 0D3C                             l1663 0D27                             l1655 0D1B  
                           l1719 04ED                             l2471 072D                             l2543 04C5  
                           l2535 04AD                             l2527 0496                             l2519 0484  
                           l1735 0C29                             l1727 0C23                             l1831 0EB8  
                           l1807 0E84                             l1743 0E07                             l2551 0D4E  
                           l2711 0081                             l2703 006C                             l2463 0C4D  
                           l2455 0C3E                             l2631 028D                             l2623 027A  
                           l2607 025F                             l2615 026B                             l1665 0D33  
                           l1657 0D1E                             l2481 073F                             l2473 0732  
                           l2545 04CA                             l2537 04B3                             l2529 049D  
                           l2641 0EF4                             l1681 07AF                             l1673 078B  
                           l1729 0C24                             l1737 0BFD                             l1841 0ED5  
                           l1825 0EAD                             l1817 0EA2                             l1809 0E97  
                           l1761 0E31                             l1753 0E26                             l1745 0E1B  
                           l2561 0D68                             l2553 0D51                             l2721 00AF  
                           l2713 0087                             l2705 0074                             l2457 0C42  
                           l2633 0292                             l2617 0271                             l2609 0262  
                           l2625 027C                             l2801 068C                             l1667 0D34  
                           l1659 0D1F                             l2491 0753                             l2483 0741  
                           l2475 0734                             l2467 0726                             l2539 04BA  
                           l2651 0F5C                             l2643 0EFF                             l1691 07D1  
                           l1683 07B6                             l1675 0793                             l1851 0EE5  
                           l1843 0EDA                             l1827 0EB2                             l1819 0EA7  
                           l1763 0E36                             l1755 0E2B                             l1747 0E20  
                           l1739 0DFD                             l2563 0D6E                             l2555 0D58  
                           l2731 00C6                             l2723 00B8                             l2707 007A  
                           l2715 009F                             l2459 0C44                             l2635 0297  
                           l2627 0284                             l2619 0276                             l2571 01E0  
                           l2811 06A9                             l2803 068F                             l1669 0D39  
                           l2493 0757                             l2485 0747                             l2477 0738  
                           l2469 0729                             l2661 0FA1                             l2653 0F79  
                           l2645 0F1A                             l1693 07E1                             l1685 07B9  
                           l1677 079A                             l1837 0EBC                             l1773 0E40  
                           l2565 0D75                             l2557 0D5A                             l2549 0D46  
                           l2741 0136                             l2733 00D1                             l2725 00BC  
                           l2717 00A5                             l2709 007F                             l2637 02AA  
                           l2629 0285                             l2581 020B                             l2573 01E6  
                           l2821 06C2                             l2805 0695                             l2813 06AC  
                           l2495 0768                             l2487 074A                             l2479 073D  
                           l2671 0FBA                             l2663 0FA6                             l2655 0F84  
                           l2647 0F37                             l1695 07E8                             l1687 07C0  
                           l1679 07AA                             l1863 0EF2                             l1839 0EC2  
                           l1775 0E46                             l1767 0E3C                             l2559 0D5E  
                           l2567 0D7B                             l1871 0CC4                             l2751 0161  
                           l2743 0144                             l2735 00DC                             l2727 00C1  
                           l2719 00A9                             l2639 02BD                             l2591 022B  
                           l2583 0216                             l2575 01EB                             l2831 06E1  
                           l2823 06C7                             l2815 06B2                             l2807 06A0  
                           l1697 0C7A                             l2497 076E                             l2489 0751  
                           l2681 0FE7                             l2673 0FC5                             l2665 0FAB  
                           l2657 0F8F                             l2649 0F41                             l1689 07CC  
                           l1857 0EEB                             l1849 0EE0                             l1793 0E6F  
                           l1785 0E64                             l1777 0E59                             l1873 0CD1  
                           l2745 0155                             l2737 00E7                             l2729 00C5  
                           l2753 0161                             l2593 0231                             l2585 021E  
                           l2577 01F6                             l2833 06EA                             l2825 06CC  
                           l2817 06B8                             l2809 06A3                             l2761 061D  
                           l1699 0C7D                             l2499 076F                             l2683 0FF6  
                           l2675 0FC8                             l2667 0FAE                             l2659 0F9A  
                           l1859 0EF0                             l1795 0E74                             l1787 0E69  
                           l1779 0E5E                             l1971 0DCD                             l1963 0DBB  
                           l1875 0CD8                             l1867 0CBE                             l2755 0166  
                           l2747 0158                             l2739 012E                             l2691 003A  
                           l2595 023D                             l2587 0224                             l2579 0201  
                           l2835 06F3                             l2827 06D2                             l2819 06BD  
                           l2843 06FF                             l2771 0638                             l2763 0626  
                           l2685 0FFB                             l2677 0FD6                             l2669 0FAF  
                           l1981 0DEB                             l1973 0DCF                             l1965 0DBD  
                           l1877 0CDE                             l1869 0CC0                             l2757 0183  
                           l2749 015D                             l2693 0042                             l2597 023F  
                           l2589 0229                             l2829 06DB                             l2781 0662  
                           l2773 0643                             l2765 062C                             l2679 0FD9  
                           l1799 0E7A                             l1983 0DF2                             l1975 0DD3  
                           l1967 0DC3                             l2695 0043                             l2687 0030  
                           l2599 0245                             l2791 0677                             l2783 0666  
                           l2775 0652                             l2767 0631                             l2759 0618  
                           l1977 0DE4                             l1969 0DC6                             l1985 0DF8  
                           l2697 004B                             l2689 0036                             l2793 067D  
                           l2785 066C                             l2777 0657                             l2769 0633  
                           l1979 0DEA                             l2699 0056                             l2787 0672  
                           l2779 065C                             l2797 0680                             l2799 0686  
                           ?_isr 0070                             STR_1 0595                             STR_2 05A2  
                           STR_3 0551                             STR_4 0588                             STR_5 05C4  
                           STR_6 05D6                             STR_7 0532                             STR_8 05B9  
                           STR_9 05EE                             u1110 04FD                             u1111 04FC  
                           u1200 0E91                             u1120 0E15                             u1105 0D2B  
                           u1201 0E90                             u1121 0E14                             u1210 0E97  
                           u1130 0E1B                             u1211 0E96                             u1131 0E1A  
                           u1220 0EA2                             u1140 0E26                             u1221 0EA1  
                           u1205 0E8D                             u1141 0E25                             u1230 0EAD  
                           u1150 0E31                             u1310 0CDE                             u1231 0EAC  
                           u1151 0E30                             u1311 0CDD                             u1080 0D18  
                           u1240 0ECF                             u1160 0E53                             u1081 0D14  
                           u1241 0ECE                             u1161 0E52                             u1305 0CD2  
                           u1250 0ED5                             u1170 0E59                             u2210 0C42  
                           u1251 0ED4                             u1171 0E58                             u2211 0C41  
                           u1260 0EE0                             u1180 0E64                             u2220 0C4D  
                           u1261 0EDF                             u1245 0ECB                             u1181 0E63  
                           u1165 0E4F                             u2221 0C4C                             u1094 0D1B  
                           u2310 077C                             u2230 072D                             u1270 0EEB  
                           u1190 0E6F                             u1510 0DC3                             u2311 077B  
                           u2231 072C                             u3007 0FD0                             u1271 0EEA  
                           u1191 0E6E                             u1511 0DC2                             u2320 0781  
                           u2240 0738                             u2400 04C0                             u1280 0CC4  
                           u2321 0780                             u2305 0770                             u2241 0737  
                           u2401 04BF                             u3017 0FE1                             u1281 0CC3  
                           u2250 0747                             u2410 04C5                             u2330 047D  
                           u1530 0DD3                             u3107 046A                             u2251 0746  
                           u2411 04C4                             u2331 047C                             u3027 0FEF  
                           u1531 0DD2                             u1700 03C6                             u2340 0488  
                           u2420 0D4E                             u2500 0224                             u3117 0C36  
                           u1701 03C5                             u3037 0340                             u2341 0487  
                           u1525 0DC7                             u2421 0D4D                             u2501 0223  
                           u1710 0400                             u2270 0757                             u2350 0493  
                           u1550 0DE4                             u2510 0229                             u3127 0C83  
                           u1711 03FF                             u3047 037A                             u2271 0756  
                           u2351 0492                             u1551 0DE3                             u1295 0CCB  
                           u2511 0228                             u1720 043C                             u1640 0CA7  
                           u2440 0D5E                             u2600 028C                             u2520 0231  
                           u3137 0C93                             u1721 043B                             u3057 0397  
                           u2265 074B                             u1641 0CA6                             u1545 0DD4  
                           u2441 0D5D                             u2521 0230                             u2290 0768  
                           u2370 04A3                             u1650 0CAE                             u1570 0DF8  
                           u2450 0D68                             u2610 0292                             u2530 0245  
                           u3147 0D21                             u3067 03B6                             u2291 0767  
                           u2371 04A2                             u1651 0CAD                             u1571 0DF7  
                           u1555 0DE0                             u2451 0D67                             u2435 0D52  
                           u2611 0291                             u2531 0244                             u2380 04AD  
                           u1660 0CB3                             u2700 007A                             u2620 0297  
                           u2540 025A                             u3157 0D36                             u3077 03F0  
                           u2285 0758                             u2381 04AC                             u2365 0497  
                           u1661 0CB2                             u1565 0DEC                             u2701 0079  
                           u2621 0296                             u2541 0259                             u2630 0FA1  
                           u1670 0CBA                             u2470 0D7B                             u2710 007F  
                           u2550 025F                             u3167 0D40                             u3087 040D  
                           u2295 0764                             u2631 0FA0                             u1671 0CB9  
                           u2471 0D7A                             u2455 0D64                             u2711 007E  
                           u2551 025E                             u1680 0350                             u2640 0FA6  
                           u2720 0087                             u2560 0267                             u2480 01E6  
                           u2800 0662                             u3097 042C                             u1681 034F  
                           u2385 04A9                             u2641 0FA5                             u2465 0D6F  
                           u2721 0086                             u2561 0266                             u2481 01E5  
                           u2801 0661                             u1690 038A                             u2730 00A5  
                           u2650 0036                             u2570 0271                             u2490 021E  
                           u2810 0672                             u1691 0389                             u2395 04B4  
                           u2731 00A4                             u2651 0035                             u2571 0270  
                           u2491 021D                             u2811 0671                             u2740 00AF  
                           u2660 0042                             u2580 0284                             u2820 067D  
                           u2741 00AE                             u2661 0041                             u2581 0283  
                           u2821 067C                             u2750 00B8                             u2670 0049  
                           u2590 028B                             u2830 0686                             u2751 00B7  
                           u2671 0047                             u2591 0289                             u2831 0685  
                           u2760 0135                             u2680 004A                             u2840 068C  
                           u2761 0134                             u2841 068B                             u2770 0166  
                           u2690 0074                             u2850 0695                             u2771 0165  
                           u2691 0073                             u2851 0694                             u2907 064B  
                           _PEIE 005E                             u2860 06A0                             u2780 062C  
                           u2917 013E                             u2861 069F                             u2781 062B  
                           u2870 06A9                             u2790 0631                             u2927 014F  
                           u2871 06A8                             u2791 0630                             u2880 06B2  
                           u2937 078F                             u2881 06B1                             u2890 06B8  
                           u2947 079E                             u2891 06B7                             u2957 07AC  
                           u2967 07C2                             u2977 07CE                             u2987 07DC  
                           u2997 07EA                   ?_display_modes 0070                             _main 0618  
                           _minn 0041                             _temp 0037                             btemp 007E  
                           start 000C                ___bmul@multiplier 0074             ??_init_matrix_keypad 0072  
                 clcd_write@byte 0075                   clcd_write@mode 0072                            ??_isr 0070  
           _display_power_screen 032C                            ?_main 0070                   ??_display_time 002A  
                __end_of___awdiv 078B                            STR_10 05E6                            STR_11 057B  
                          STR_12 05F6                            STR_20 05AE                            STR_21 05FE  
                          STR_13 0511                            STR_14 060C                            STR_22 0542  
                          STR_23 05CE                            STR_15 0522                            STR_24 0605  
                          STR_16 0560                            STR_17 0612                            STR_25 05DE  
                          STR_18 0522                            STR_26 0500                            STR_19 056E  
                __end_of___awmod 04CF                  ___awdiv@divisor 0072                  __end_of___lwdiv 0DFD  
                          i1l315 0D9E                            i1l316 0DAC                            i1l319 0DB4  
                __end_of___lwmod 0D80                     ?_init_config 0070                  ___awdiv@counter 0020  
                          _PORTD 0008                            _TRISB 0086                            _TRISD 0088  
                   ?_init_timer2 0070             __end_of_clear_screen 0C3C                            _nRBPU 040F  
             _read_matrix_keypad 0C9B                            _alarm 0C7A                            btemp0 007E  
                          btemp1 007F                            pclath 000A              ?_read_matrix_keypad 0070  
                          status 0003                            wtemp0 007E                     ?_scan_keypad 0070  
                __initialization 000F                     __end_of_main 0726            ?_display_power_screen 0070  
           ??_read_matrix_keypad 0077                           ??_main 0032                           ?_alarm 0070  
                ??_display_modes 0079                 ___awdiv@dividend 0074                           i1l2441 0D9C  
                         i1l2433 0D80                           i1l2443 0DA3                           i1l2451 0DB3  
                         i1l2435 0D86                           i1l2445 0DA8                           i1l2437 0D95  
                         i1l2447 0DAA                           i1l2439 0D97                           i1l2449 0DB1  
                         u220_20 0DB1                           u220_21 0DB0                           u215_20 0D86  
                         u215_21 0D85                           u216_20 0D95                           u216_21 0D94  
                         u217_20 0D9C                           u217_21 0D9B                           u218_20 0DA3  
                         u218_21 0DA2                           u219_20 0DA8                           u219_21 0DA7  
                         _TMR2IE 0461                           _TMR2IF 0061                           _TMR2ON 0092  
                         _TRISC1 0439                           _TRISC2 043A                           _TRISE1 0449  
                         _TRISE2 044A                           ___bmul 0C3C          _init_display_controller 078B  
                         ___wmul 0CBE                        ??___awdiv 0076                        ??___awmod 0076  
                      ??___lwdiv 0076                        ??___lwmod 0079                 ___awdiv@quotient 0022  
                ___awmod@divisor 0024                  ___awmod@counter 0076                     __pdataCOMMON 007B  
               __end_of_set_temp 01DD                 __end_of_set_time 032C                           ltemp0a 0080  
                         saved_w 007E                           ttemp0a 007F                           wtemp0a 007F  
        __end_of__initialization 0029             __end_of_display_time 1000              ___bmul@multiplicand 0072  
                 __pcstackCOMMON 0070                     __pidataBANK0 04FF                    __end_of_alarm 0C9B  
         ??_display_power_screen 002A        display_power_screen@i_161 002E        display_power_screen@i_162 002F  
      display_power_screen@i_165 0030        display_power_screen@i_166 0031                          ??_alarm 0072  
                     __pbssBANK0 0037        ??_init_display_controller 0076                       _clcd_print 04CF  
                     _clcd_putch 0C4F                       _clcd_write 0D10                       __pmaintext 0618  
                   _clear_screen 0C2B                          ?___bmul 0072                          ?___wmul 0072  
                     __pintentry 0004                       __stringtab 07EE                __end_of_heat_food 0C10  
                      ?_set_temp 002A                        ?_set_time 002A                          ___awdiv 0726  
                        ___awmod 0476                          ___lwdiv 0DBB                          ___lwmod 0D46  
                        __ptext1 01DD                          __ptext2 0C3C                          __ptext3 002D  
                        __ptext4 0CBE                          __ptext5 0D46                          __ptext6 0DBB  
                        __ptext7 0C9B                          __ptext8 0DFD                          __ptext9 0C64  
__end_of_init_display_controller 07EE                __end_of_init_clcd 0C1B                 ___awmod@dividend 0026  
                 main@reset_flag 0035                          main@key 0036             end_of_initialization 0029  
                    set_temp@key 002E                      set_time@key 002D                      ?_clcd_print 0076  
                    ?_clcd_putch 0028                      ?_clcd_write 0072            set_temp@display_blank 003A  
                     ??_set_temp 002B                       ??_set_time 002B                     __pstringtext 0500  
          display_power_screen@i 002D                     _display_time 0EF4                    clcd_print@str 0076  
          __end_of_display_modes 0D10               set_temp@reset_flag 002A                   __end_of___bmul 0C4F  
                 __end_of___wmul 0CE3                    __pidataCOMMON 04FE              start_initialization 000F  
                   scan_keypad@i 0075           read_matrix_keypad@mode 0077           read_matrix_keypad@once 007B  
                    __end_of_isr 0DBB                         ??___bmul 0073                         ??___wmul 0076  
                    __pdataBANK0 0043                    ??_init_config 0078                    ??_init_timer2 0072  
                    __pbssCOMMON 0079                        ___latbits 0002                    __pcstackBANK0 0020  
                  ??_scan_keypad 0075                 ___lwdiv@dividend 0074                         ?___awdiv 0072  
                       ?___awmod 0024                        _heat_food 0C06                         ?___lwdiv 0072  
                       ?___lwmod 0020                        __pstrings 07EE               set_time@reset_flag 002A  
               ___lwdiv@quotient 0076                        _init_clcd 0C10              __end_of_init_config 0C7A  
            __end_of_init_timer2 0C06         ?_init_display_controller 0070                interrupt_function 0004  
                 ___wmul@product 0076                     ??_clcd_print 0079                     ??_clcd_putch 0079  
     __end_of_init_matrix_keypad 0C2B                     ??_clcd_write 0073                set_temp@key_count 0039  
            __end_of_scan_keypad 0EF4                       ?_heat_food 0070                      __stringbase 0800  
              ___wmul@multiplier 0072               __end_of_clcd_print 04FE               __end_of_clcd_putch 0C64  
             __end_of_clcd_write 0D46                       ?_init_clcd 0070            read_matrix_keypad@key 0078  
              set_time@blink_pos 003F                    set_temp@delay 003B                    set_time@delay 003E  
     __end_of_read_matrix_keypad 0CBE            set_time@display_blank 003D               __end_of__stringtab 0800  
              set_time@key_count 003C                      _init_config 0C64                      _init_timer2 0BFD  
                ___lwdiv@divisor 0072                  ___lwdiv@counter 0078                         __ptext10 0BFD  
                       __ptext11 0C1B                         __ptext20 0C4F                         __ptext12 0C10  
                       __ptext21 0C7A                         __ptext13 078B                         __ptext22 0CE3  
                       __ptext14 0C06                         __ptext23 04CF                         __ptext15 0EF4  
                       __ptext24 0D10                         __ptext16 0476                         __ptext25 0D80  
                       __ptext17 0726                         __ptext18 032C                         __ptext19 0C2B  
                    _scan_keypad 0DFD                         _pre_heat 0040                    ?_clear_screen 0070  
                       _set_temp 002D                         _set_time 01DD                      ??_heat_food 0072  
                       isr@count 0079                      ??_init_clcd 0078                         intlevel1 0000  
   __end_of_display_power_screen 0476                      _screen_flag 0043                 ___lwmod@dividend 0022  
                      stringcode 07F8                   ??_clear_screen 0076                  ___lwmod@divisor 0020  
                ___lwmod@counter 0024                         stringtab 07EE                    _display_modes 0CE3  
